Country,Response_measure,date_start,date_end
Austria,AdaptationOfWorkplace,3/16/2020,4/13/2020
Austria,BanOnAllEvents,11/3/2020,NA
Austria,ClosDaycare,3/16/2020,5/4/2020
Austria,ClosDaycarePartial,11/17/2020,12/7/2020
Austria,ClosHigh,3/16/2020,9/30/2020
Austria,ClosHighPartial,11/3/2020,NA
Austria,ClosPrim,3/16/2020,5/18/2020
Austria,ClosPrim,12/26/2020,2/7/2021
Austria,ClosPrimPartial,11/17/2020,12/7/2020
Austria,ClosPubAny,3/16/2020,4/13/2020
Austria,ClosPubAny,5/2/2020,5/14/2020
Austria,ClosPubAny,11/16/2020,12/6/2020
Austria,ClosPubAny,12/28/2020,2/6/2021
Austria,ClosPubAnyPartial,4/14/2020,5/1/2020
Austria,ClosPubAnyPartial,5/15/2020,11/15/2020
Austria,ClosPubAnyPartial,12/7/2020,12/27/2020
Austria,ClosPubAnyPartial,2/7/2021,NA
Austria,ClosSec,3/16/2020,5/3/2020
Austria,ClosSec,11/3/2020,2/7/2021
Austria,ClosSecPartial,5/4/2020,6/3/2020
Austria,ClosSecPartial,2/8/2021,NA
Austria,EntertainmentVenues,3/16/2020,4/30/2020
Austria,EntertainmentVenues,11/3/2020,2/7/2021
Austria,EntertainmentVenuesPartial,2/8/2021,NA
Austria,GymsSportsCentres,11/3/2020,NA
Austria,HotelsOtherAccommodation,3/31/2020,5/29/2020
Austria,HotelsOtherAccommodation,11/3/2020,NA
Austria,IndoorOver100,3/10/2020,7/1/2020
Austria,IndoorOver1000,7/2/2020,7/31/2020
Austria,IndoorOver1000,9/21/2020,11/2/2020
Austria,MasksMandatoryAllSpaces,9/14/2020,NA
Austria,MasksMandatoryClosedSpaces,4/6/2020,6/14/2020
Austria,MasksMandatoryClosedSpacesPartial,6/15/2020,9/13/2020
Austria,MasksVoluntaryClosedSpacesPartial,3/31/2020,4/5/2020
Austria,MassGather50,4/30/2020,5/29/2020
Austria,MassGather50,11/3/2020,NA
Austria,MassGatherAll,3/10/2020,7/31/2020
Austria,MassGatherAll,9/21/2020,NA
Austria,NonEssentialShops,3/16/2020,4/13/2020
Austria,NonEssentialShops,11/17/2020,12/6/2020
Austria,NonEssentialShops,12/26/2020,2/7/2021
Austria,NonEssentialShopsPartial,4/14/2020,5/1/2020
Austria,NonEssentialShopsPartial,2/8/2021,NA
Austria,OutdoorOver1000,7/2/2020,7/31/2020
Austria,OutdoorOver1000,9/21/2020,11/2/2020
Austria,OutdoorOver50,4/30/2020,5/29/2020
Austria,OutdoorOver500,3/10/2020,4/29/2020
Austria,OutdoorOver500,5/30/2020,7/1/2020
Austria,PlaceOfWorship,3/16/2020,5/14/2020
Austria,PlaceOfWorship,11/16/2020,12/6/2020
Austria,PlaceOfWorship,12/28/2020,2/6/2021
Austria,PlaceOfWorshipPartial,5/15/2020,11/15/2020
Austria,PlaceOfWorshipPartial,12/7/2020,12/27/2020
Austria,PlaceOfWorshipPartial,2/7/2021,NA
Austria,PrivateGatheringRestrictions,3/16/2020,4/30/2020
Austria,PrivateGatheringRestrictions,10/23/2020,11/16/2020
Austria,RestaurantsCafes,3/16/2020,5/15/2020
Austria,RestaurantsCafes,11/3/2020,NA
Austria,SocialCircle,11/17/2020,NA
Austria,StayHomeGen,3/10/2020,3/15/2020
Austria,StayHomeOrder,3/16/2020,4/30/2020
Austria,StayHomeOrder,11/17/2020,2/7/2021
Austria,StayHomeOrderPartial,11/3/2020,11/16/2020
Austria,StayHomeOrderPartial,2/8/2021,NA
Austria,Teleworking,3/10/2020,NA
Belgium,BanOnAllEvents,11/2/2020,3/7/2021
Belgium,ClosDaycare,5/1/2020,6/2/2020
Belgium,ClosDaycare,11/12/2020,11/15/2020
Belgium,ClosHigh,3/13/2020,9/20/2020
Belgium,ClosHighPartial,9/21/2020,NA
Belgium,ClosPrim,3/13/2020,5/17/2020
Belgium,ClosPrim,11/12/2020,11/16/2020
Belgium,ClosPrimPartial,5/18/2020,6/8/2020
Belgium,ClosPubAny,3/13/2020,5/3/2020
Belgium,ClosPubAny,11/2/2020,11/30/2020
Belgium,ClosPubAnyPartial,5/4/2020,11/1/2020
Belgium,ClosPubAnyPartial,12/1/2020,NA
Belgium,ClosSec,3/13/2020,5/17/2020
Belgium,ClosSec,11/12/2020,11/15/2020
Belgium,ClosSecPartial,5/18/2020,8/28/2020
Belgium,EntertainmentVenues,3/13/2020,5/17/2020
Belgium,EntertainmentVenues,11/2/2020,NA
Belgium,EntertainmentVenuesPartial,5/18/2020,11/1/2020
Belgium,GymsSportsCentres,3/13/2020,5/3/2020
Belgium,GymsSportsCentres,11/2/2020,NA
Belgium,GymsSportsCentresPartial,5/4/2020,7/1/2020
Belgium,IndoorOver1000,3/10/2020,3/17/2020
Belgium,IndoorOver500,7/1/2020,11/1/2020
Belgium,MasksMandatoryAllSpaces,7/11/2020,9/30/2020
Belgium,MasksMandatoryAllSpacesPartial,10/1/2020,NA
Belgium,MasksMandatoryClosedSpaces,5/4/2020,NA
Belgium,MasksVoluntaryAllSpaces,5/4/2020,7/10/2020
Belgium,MassGather50,11/2/2020,3/7/2021
Belgium,MassGatherAll,3/10/2020,3/17/2020
Belgium,MassGatherAll,7/1/2020,10/18/2020
Belgium,MassGatherAll,11/2/2020,3/7/2021
Belgium,MassGatherAllPartial,10/19/2020,11/1/2020
Belgium,NonEssentialShops,3/13/2020,5/3/2020
Belgium,NonEssentialShops,11/2/2020,11/30/2020
Belgium,NonEssentialShopsPartial,5/4/2020,6/2/2020
Belgium,NonEssentialShopsPartial,10/19/2020,11/1/2020
Belgium,NonEssentialShopsPartial,12/1/2020,NA
Belgium,OutdoorOver500,7/1/2020,11/1/2020
Belgium,PlaceOfWorship,3/13/2020,6/7/2020
Belgium,PlaceOfWorshipPartial,6/8/2020,10/5/2020
Belgium,PrivateGatheringRestrictions,3/18/2020,6/30/2020
Belgium,PrivateGatheringRestrictions,10/6/2020,3/7/2021
Belgium,PrivateGatheringRestrictions,3/20/2021,NA
Belgium,PrivateGatheringRestrictionsPartial,3/8/2021,3/19/2021
Belgium,RestaurantsCafes,3/13/2020,6/7/2020
Belgium,RestaurantsCafes,10/19/2020,NA
Belgium,RestaurantsCafesPartial,6/8/2020,10/18/2020
Belgium,SocialCircle,3/18/2020,NA
Belgium,StayHomeGenPartial,5/10/2020,8/31/2020
Belgium,StayHomeOrder,3/18/2020,5/9/2020
Belgium,StayHomeOrderPartial,10/16/2020,NA
Belgium,Teleworking,3/10/2020,6/7/2020
Belgium,Teleworking,10/19/2020,NA
Belgium,TeleworkingPartial,6/8/2020,10/18/2020
Bulgaria,AdaptationOfWorkplace,10/1/2020,NA
Bulgaria,BanOnAllEvents,3/8/2020,5/14/2020
Bulgaria,BanOnAllEventsPartial,5/15/2020,6/30/2020
Bulgaria,ClosDaycare,3/13/2020,5/21/2020
Bulgaria,ClosDaycare,11/27/2020,1/3/2021
Bulgaria,ClosDaycare,3/22/2021,NA
Bulgaria,ClosDaycarePartial,5/22/2020,6/14/2020
Bulgaria,ClosHigh,3/13/2020,5/31/2020
Bulgaria,ClosHighPartial,6/1/2020,NA
Bulgaria,ClosPrim,3/13/2020,9/14/2020
Bulgaria,ClosPrim,11/27/2020,1/3/2021
Bulgaria,ClosPrim,3/22/2021,NA
Bulgaria,ClosPubAny,3/13/2020,5/17/2020
Bulgaria,ClosPubAnyPartial,5/18/2020,6/14/2020
Bulgaria,ClosPubAnyPartial,10/29/2020,NA
Bulgaria,ClosSec,3/13/2020,9/14/2020
Bulgaria,ClosSec,12/1/2020,2/3/2021
Bulgaria,ClosSec,3/22/2021,NA
Bulgaria,ClosSecPartial,10/29/2020,11/30/2020
Bulgaria,ClosSecPartial,2/4/2021,3/17/2021
Bulgaria,EntertainmentVenues,3/13/2020,5/17/2020
Bulgaria,EntertainmentVenuesPartial,11/14/2020,NA
Bulgaria,GymsSportsCentres,3/13/2020,5/17/2020
Bulgaria,GymsSportsCentresPartial,5/18/2020,6/14/2020
Bulgaria,GymsSportsCentresPartial,11/27/2020,NA
Bulgaria,MasksMandatoryAllSpaces,3/30/2020,3/31/2020
Bulgaria,MasksMandatoryAllSpaces,4/12/2020,4/30/2020
Bulgaria,MasksMandatoryAllSpaces,3/22/2021,NA
Bulgaria,MasksMandatoryClosedSpaces,5/1/2020,NA
Bulgaria,MassGather50,3/8/2020,5/14/2020
Bulgaria,MassGather50Partial,5/15/2020,6/30/2020
Bulgaria,MassGatherAll,3/8/2020,3/12/2020
Bulgaria,MassGatherAllPartial,3/13/2020,6/30/2020
Bulgaria,NonEssentialShops,3/13/2020,5/17/2020
Bulgaria,NonEssentialShops,11/27/2020,1/31/2021
Bulgaria,NonEssentialShops,3/22/2021,NA
Bulgaria,PrivateGatheringRestrictions,3/8/2020,6/30/2020
Bulgaria,PrivateGatheringRestrictions,11/27/2020,NA
Bulgaria,RestaurantsCafes,3/13/2020,5/31/2020
Bulgaria,RestaurantsCafes,12/1/2020,2/28/2021
Bulgaria,RestaurantsCafesPartial,10/29/2020,11/30/2020
Bulgaria,RestaurantsCafesPartial,3/1/2021,NA
Bulgaria,Teleworking,3/13/2020,3/29/2020
Bulgaria,Teleworking,11/14/2020,11/26/2020
Bulgaria,TeleworkingPartial,11/27/2020,NA
Croatia,AdaptationOfWorkplacePartial,11/28/2020,NA
Croatia,BanOnAllEvents,3/19/2020,4/18/2020
Croatia,ClosDaycare,3/16/2020,5/11/2020
Croatia,ClosHigh,3/16/2020,3/29/2020
Croatia,ClosPrim,3/16/2020,5/10/2020
Croatia,ClosPrimPartial,5/11/2020,5/25/2020
Croatia,ClosPubAny,3/19/2020,5/28/2020
Croatia,ClosPubAnyPartial,8/14/2020,9/22/2020
Croatia,ClosPubAnyPartial,11/28/2020,NA
Croatia,ClosSec,3/16/2020,3/29/2020
Croatia,ClosureOfPublicTransport,3/22/2020,4/27/2020
Croatia,ClosureOfPublicTransportPartial,11/28/2020,NA
Croatia,EntertainmentVenues,3/19/2020,5/28/2020
Croatia,EntertainmentVenuesPartial,11/28/2020,NA
Croatia,GymsSportsCentres,3/19/2020,5/11/2020
Croatia,GymsSportsCentres,11/28/2020,2/14/2021
Croatia,GymsSportsCentresPartial,2/15/2021,NA
Croatia,IndoorOver50,7/13/2020,NA
Croatia,MasksMandatoryAllSpaces,10/28/2020,NA
Croatia,MasksMandatoryAllSpacesPartial,2/28/2020,10/27/2020
Croatia,MasksMandatoryClosedSpacesPartial,6/25/2020,NA
Croatia,MassGather50,3/19/2020,4/18/2020
Croatia,MassGather50,5/18/2020,5/27/2020
Croatia,MassGather50,7/13/2020,NA
Croatia,MassGatherAll,3/19/2020,4/18/2020
Croatia,MassGatherAll,5/18/2020,5/27/2020
Croatia,MassGatherAll,7/13/2020,NA
Croatia,NonEssentialShops,3/19/2020,4/27/2020
Croatia,OutdoorOver50,5/18/2020,5/27/2020
Croatia,OutdoorOver50,11/28/2020,NA
Croatia,PrivateGatheringRestrictions,3/19/2020,5/17/2020
Croatia,PrivateGatheringRestrictions,7/13/2020,NA
Croatia,RestaurantsCafes,3/19/2020,5/11/2020
Croatia,RestaurantsCafes,11/28/2020,2/28/2021
Croatia,RestaurantsCafesPartial,8/14/2020,9/22/2020
Croatia,RestaurantsCafesPartial,3/1/2021,NA
Croatia,StayHomeGen,3/17/2020,5/5/2020
Croatia,StayHomeRiskG,3/3/2020,NA
Croatia,Teleworking,3/19/2020,5/27/2020
Croatia,TeleworkingPartial,11/28/2020,NA
Cyprus,BanOnAllEvents,3/10/2020,6/24/2020
Cyprus,BanOnAllEventsPartial,11/5/2020,NA
Cyprus,ClosDaycare,3/10/2020,6/9/2020
Cyprus,ClosHigh,3/10/2020,5/11/2020
Cyprus,ClosHigh,12/14/2020,NA
Cyprus,ClosPrim,3/10/2020,5/21/2020
Cyprus,ClosPrim,1/10/2021,2/7/2021
Cyprus,ClosPubAny,3/13/2020,5/3/2020
Cyprus,ClosPubAnyPartial,5/4/2020,6/29/2020
Cyprus,ClosPubAnyPartial,11/5/2020,NA
Cyprus,ClosSec,3/10/2020,5/10/2020
Cyprus,ClosSec,12/14/2020,2/7/2021
Cyprus,ClosSecPartial,5/11/2020,5/21/2020
Cyprus,ClosSecPartial,2/8/2021,NA
Cyprus,EntertainmentVenues,3/16/2020,5/20/2020
Cyprus,EntertainmentVenues,12/11/2020,2/7/2021
Cyprus,EntertainmentVenuesPartial,5/21/2020,6/29/2020
Cyprus,EntertainmentVenuesPartial,2/8/2021,NA
Cyprus,GymsSportsCentres,3/13/2020,5/3/2020
Cyprus,GymsSportsCentres,1/8/2021,NA
Cyprus,GymsSportsCentresPartial,5/4/2020,6/13/2020
Cyprus,HotelsOtherAccommodation,3/16/2020,5/3/2020
Cyprus,HotelsOtherAccommodationPartial,5/4/2020,6/9/2020
Cyprus,IndoorOver100,7/12/2020,11/4/2020
Cyprus,IndoorOver50,6/25/2020,7/11/2020
Cyprus,MasksMandatoryAllSpaces,11/5/2020,NA
Cyprus,MasksMandatoryClosedSpaces,5/4/2020,11/4/2020
Cyprus,MassGather50,3/10/2020,7/11/2020
Cyprus,MassGather50Partial,11/5/2020,NA
Cyprus,MassGatherAll,3/10/2020,11/4/2020
Cyprus,MassGatherAllPartial,11/5/2020,NA
Cyprus,NonEssentialShops,3/16/2020,5/3/2020
Cyprus,NonEssentialShopsPartial,5/4/2020,6/9/2020
Cyprus,NonEssentialShopsPartial,12/11/2020,2/7/2021
Cyprus,OutdoorOver100,7/12/2020,11/4/2020
Cyprus,OutdoorOver50,6/25/2020,7/11/2020
Cyprus,PlaceOfWorship,3/16/2020,5/3/2020
Cyprus,PlaceOfWorshipPartial,5/4/2020,6/1/2020
Cyprus,PlaceOfWorshipPartial,2/8/2021,NA
Cyprus,PrivateGatheringRestrictions,3/31/2020,5/3/2020
Cyprus,PrivateGatheringRestrictions,11/5/2020,2/7/2021
Cyprus,PrivateGatheringRestrictionsPartial,2/8/2021,NA
Cyprus,RestaurantsCafes,3/16/2020,5/20/2020
Cyprus,RestaurantsCafes,12/11/2020,3/14/2021
Cyprus,RestaurantsCafesPartial,5/21/2020,6/9/2020
Cyprus,RestaurantsCafesPartial,11/5/2020,12/10/2020
Cyprus,RestaurantsCafesPartial,3/15/2021,NA
Cyprus,StayHomeOrder,3/24/2020,5/3/2020
Cyprus,StayHomeOrder,1/10/2021,NA
Cyprus,StayHomeOrderPartial,5/4/2020,5/21/2020
Cyprus,StayHomeOrderPartial,11/5/2020,1/9/2021
Cyprus,TeleworkingPartial,1/21/2021,NA
Cyprus,WorkplaceClosures,3/16/2020,4/14/2020
Cyprus,WorkplaceClosuresPartial,4/15/2020,6/29/2020
Czechia,AdaptationOfWorkplace,3/24/2020,5/11/2020
Czechia,AdaptationOfWorkplace,12/27/2020,NA
Czechia,BanOnAllEvents,10/22/2020,12/3/2020
Czechia,BanOnAllEvents,12/18/2020,NA
Czechia,ClosDaycare,3/11/2020,5/11/2020
Czechia,ClosDaycare,3/1/2021,NA
Czechia,ClosHigh,3/11/2020,5/10/2020
Czechia,ClosHigh,10/14/2020,NA
Czechia,ClosHighPartial,5/11/2020,8/31/2020
Czechia,ClosPrim,3/11/2020,5/10/2020
Czechia,ClosPrim,10/14/2020,11/17/2020
Czechia,ClosPrim,12/21/2020,NA
Czechia,ClosPrimPartial,5/11/2020,8/31/2020
Czechia,ClosPrimPartial,11/18/2020,11/29/2020
Czechia,ClosPubAny,3/17/2020,4/23/2020
Czechia,ClosPubAny,10/14/2020,11/17/2020
Czechia,ClosPubAnyPartial,3/10/2020,3/16/2020
Czechia,ClosPubAnyPartial,4/24/2020,10/13/2020
Czechia,ClosPubAnyPartial,11/18/2020,NA
Czechia,ClosSec,3/11/2020,6/7/2020
Czechia,ClosSec,10/14/2020,12/6/2020
Czechia,ClosSec,12/21/2020,NA
Czechia,ClosSecPartial,6/8/2020,8/31/2020
Czechia,ClosSecPartial,12/7/2020,12/20/2020
Czechia,EntertainmentVenues,3/17/2020,5/10/2020
Czechia,EntertainmentVenues,10/14/2020,12/2/2020
Czechia,EntertainmentVenues,12/18/2020,NA
Czechia,EntertainmentVenuesPartial,3/13/2020,3/16/2020
Czechia,EntertainmentVenuesPartial,5/11/2020,8/31/2020
Czechia,EntertainmentVenuesPartial,10/5/2020,10/13/2020
Czechia,EntertainmentVenuesPartial,12/3/2020,12/17/2020
Czechia,GymsSportsCentres,3/13/2020,4/26/2020
Czechia,GymsSportsCentres,10/14/2020,12/2/2020
Czechia,GymsSportsCentres,12/18/2020,NA
Czechia,GymsSportsCentresPartial,4/27/2020,10/13/2020
Czechia,GymsSportsCentresPartial,12/3/2020,12/17/2020
Czechia,HotelsOtherAccommodation,3/16/2020,5/25/2020
Czechia,HotelsOtherAccommodation,10/22/2020,12/3/2020
Czechia,HotelsOtherAccommodation,12/18/2020,NA
Czechia,IndoorOver100,3/4/2020,3/12/2020
Czechia,IndoorOver100,5/11/2020,5/25/2020
Czechia,IndoorOver1000,6/22/2020,8/31/2020
Czechia,IndoorOver500,5/26/2020,6/21/2020
Czechia,IndoorOver500,9/1/2020,10/5/2020
Czechia,MasksMandatoryAllSpaces,3/19/2020,7/24/2020
Czechia,MasksMandatoryAllSpaces,9/1/2020,NA
Czechia,MasksMandatoryAllSpacesPartial,7/25/2020,8/31/2020
Czechia,MassGather50,10/22/2020,NA
Czechia,MassGatherAll,3/4/2020,3/12/2020
Czechia,MassGatherAll,5/11/2020,10/5/2020
Czechia,MassGatherAll,10/22/2020,NA
Czechia,NonEssentialShops,3/14/2020,5/11/2020
Czechia,NonEssentialShops,10/22/2020,12/2/2020
Czechia,NonEssentialShops,12/27/2020,NA
Czechia,NonEssentialShopsPartial,12/3/2020,12/26/2020
Czechia,OutdoorOver100,5/11/2020,5/25/2020
Czechia,OutdoorOver1000,6/22/2020,10/5/2020
Czechia,OutdoorOver50,12/4/2020,12/17/2020
Czechia,OutdoorOver500,5/26/2020,6/21/2020
Czechia,PlaceOfWorship,3/16/2020,4/23/2020
Czechia,PlaceOfWorship,10/14/2020,11/17/2020
Czechia,PlaceOfWorshipPartial,3/10/2020,3/15/2020
Czechia,PlaceOfWorshipPartial,4/24/2020,10/13/2020
Czechia,PlaceOfWorshipPartial,11/18/2020,NA
Czechia,PrivateGatheringRestrictions,3/12/2020,5/11/2020
Czechia,PrivateGatheringRestrictions,10/5/2020,12/2/2020
Czechia,PrivateGatheringRestrictions,12/27/2020,NA
Czechia,PrivateGatheringRestrictionsPartial,12/3/2020,12/26/2020
Czechia,RestaurantsCafes,3/14/2020,5/10/2020
Czechia,RestaurantsCafes,10/14/2020,12/2/2020
Czechia,RestaurantsCafes,12/18/2020,NA
Czechia,RestaurantsCafesPartial,5/11/2020,6/8/2020
Czechia,RestaurantsCafesPartial,12/3/2020,12/17/2020
Czechia,SocialCircle,1/30/2021,NA
Czechia,StayHomeOrder,3/16/2020,4/24/2020
Czechia,StayHomeOrder,10/22/2020,12/3/2020
Czechia,StayHomeOrder,12/18/2020,NA
Czechia,Teleworking,10/22/2020,NA
Denmark,AdaptationOfWorkplace,5/8/2020,5/19/2020
Denmark,AdaptationOfWorkplacePartial,5/20/2020,NA
Denmark,BanOnAllEvents,10/26/2020,NA
Denmark,ClosDaycare,3/16/2020,4/15/2020
Denmark,ClosHigh,3/16/2020,7/31/2020
Denmark,ClosHigh,12/16/2020,2/28/2021
Denmark,ClosPrim,3/16/2020,4/15/2020
Denmark,ClosPrim,12/21/2020,1/3/2021
Denmark,ClosPrim,1/5/2021,2/7/2021
Denmark,ClosPubAny,4/28/2020,5/17/2020
Denmark,ClosPubAny,12/16/2020,NA
Denmark,ClosPubAnyPartial,3/11/2020,4/27/2020
Denmark,ClosPubAnyPartial,5/18/2020,12/15/2020
Denmark,ClosSec,3/16/2020,5/18/2020
Denmark,ClosSec,12/16/2020,2/28/2021
Denmark,EntertainmentVenues,3/18/2020,6/8/2020
Denmark,EntertainmentVenues,12/16/2020,NA
Denmark,GymsSportsCentres,3/18/2020,6/8/2020
Denmark,GymsSportsCentres,12/16/2020,NA
Denmark,IndoorOver50,3/18/2020,6/14/2020
Denmark,IndoorOver500,6/15/2020,8/31/2020
Denmark,MasksMandatoryClosedSpaces,8/22/2020,NA
Denmark,MasksVoluntaryAllSpacesPartial,7/9/2020,NA
Denmark,MassGather50,3/18/2020,6/14/2020
Denmark,MassGather50,10/26/2020,NA
Denmark,MassGatherAll,3/18/2020,6/14/2020
Denmark,MassGatherAllPartial,6/15/2020,NA
Denmark,NonEssentialShops,4/28/2020,5/10/2020
Denmark,NonEssentialShops,12/16/2020,2/28/2021
Denmark,NonEssentialShopsPartial,3/11/2020,4/27/2020
Denmark,OutdoorOver100,9/5/2020,10/25/2020
Denmark,OutdoorOver1000,6/15/2020,9/4/2020
Denmark,OutdoorOver500,4/21/2020,6/14/2020
Denmark,PlaceOfWorship,3/18/2020,5/18/2020
Denmark,PrivateGatheringRestrictions,3/18/2020,6/14/2020
Denmark,PrivateGatheringRestrictions,10/26/2020,NA
Denmark,RestaurantsCafes,3/18/2020,5/17/2020
Denmark,RestaurantsCafes,12/16/2020,NA
Denmark,RestaurantsCafesPartial,5/18/2020,12/15/2020
Denmark,SocialCircle,1/6/2021,2/28/2021
Denmark,StayHomeRiskG,3/14/2020,NA
Denmark,Teleworking,3/13/2020,6/14/2020
Denmark,Teleworking,12/16/2020,NA
Denmark,TeleworkingPartial,6/15/2020,12/15/2020
Denmark,WorkplaceClosures,3/13/2020,5/10/2020
Estonia,AdaptationOfWorkplacePartial,3/16/2020,NA
Estonia,BanOnAllEventsPartial,3/3/2021,NA
Estonia,ClosDaycarePartial,3/11/2021,NA
Estonia,ClosHigh,3/16/2020,5/17/2020
Estonia,ClosHigh,12/14/2020,12/31/2020
Estonia,ClosHigh,3/1/2021,NA
Estonia,ClosPrim,3/16/2020,5/17/2020
Estonia,ClosPrim,12/14/2020,12/31/2020
Estonia,ClosPrim,3/11/2021,NA
Estonia,ClosPubAny,3/12/2020,5/16/2020
Estonia,ClosPubAnyPartial,5/17/2020,7/1/2020
Estonia,ClosPubAnyPartial,8/19/2020,NA
Estonia,ClosSec,3/16/2020,5/17/2020
Estonia,ClosSec,12/14/2020,1/10/2021
Estonia,ClosSec,3/1/2021,NA
Estonia,EntertainmentVenues,3/12/2020,5/16/2020
Estonia,EntertainmentVenues,3/3/2021,NA
Estonia,EntertainmentVenuesPartial,5/17/2020,7/1/2020
Estonia,EntertainmentVenuesPartial,11/16/2020,3/2/2021
Estonia,GymsSportsCentres,3/16/2020,5/17/2020
Estonia,GymsSportsCentres,3/11/2021,NA
Estonia,GymsSportsCentresPartial,8/19/2020,3/10/2021
Estonia,IndoorOver100,6/1/2020,7/14/2020
Estonia,IndoorOver1000,7/15/2020,11/27/2020
Estonia,IndoorOver50,5/18/2020,5/31/2020
Estonia,IndoorOver500,11/28/2020,3/2/2021
Estonia,MasksMandatoryClosedSpaces,11/24/2020,NA
Estonia,MasksVoluntaryAllSpaces,3/12/2020,5/16/2020
Estonia,MasksVoluntaryAllSpacesPartial,5/17/2020,7/31/2020
Estonia,MasksVoluntaryClosedSpacesPartial,10/12/2020,11/23/2020
Estonia,MassGather50,5/18/2020,5/31/2020
Estonia,MassGather50Partial,3/3/2021,NA
Estonia,MassGatherAll,5/18/2020,5/31/2020
Estonia,MassGatherAll,7/15/2020,3/2/2021
Estonia,MassGatherAllPartial,6/1/2020,7/14/2020
Estonia,MassGatherAllPartial,3/3/2021,NA
Estonia,NonEssentialShops,3/27/2020,5/17/2020
Estonia,NonEssentialShopsPartial,3/6/2021,NA
Estonia,OutdoorOver100,5/18/2020,6/30/2020
Estonia,OutdoorOver1000,7/1/2020,11/23/2020
Estonia,OutdoorOver500,11/24/2020,3/2/2021
Estonia,PlaceOfWorship,3/12/2020,5/10/2020
Estonia,PlaceOfWorshipPartial,12/24/2020,NA
Estonia,PrivateGatheringRestrictions,3/12/2020,5/17/2020
Estonia,PrivateGatheringRestrictions,11/16/2020,1/10/2021
Estonia,PrivateGatheringRestrictions,2/1/2021,NA
Estonia,PrivateGatheringRestrictionsPartial,1/11/2021,1/31/2021
Estonia,RestaurantsCafes,3/11/2021,NA
Estonia,RestaurantsCafesPartial,11/16/2020,3/2/2021
Estonia,RestaurantsCafesPartial,3/6/2021,3/10/2021
Estonia,StayHomeGen,3/12/2020,5/17/2020
Estonia,TeleworkingPartial,3/16/2020,NA
Finland,ClosHigh,3/18/2020,8/4/2020
Finland,ClosPrim,3/18/2020,5/14/2020
Finland,ClosPubAny,3/18/2020,5/31/2020
Finland,ClosPubAnyPartial,6/1/2020,NA
Finland,ClosSec,3/18/2020,8/4/2020
Finland,EntertainmentVenues,3/18/2020,5/31/2020
Finland,EntertainmentVenuesPartial,6/1/2020,NA
Finland,GymsSportsCentres,3/18/2020,6/1/2020
Finland,IndoorOver50,3/18/2020,7/31/2020
Finland,IndoorOver50,10/15/2020,NA
Finland,IndoorOver500,3/12/2020,3/17/2020
Finland,IndoorOver500,8/1/2020,10/14/2020
Finland,MasksVoluntaryClosedSpaces,9/18/2020,NA
Finland,MasksVoluntaryClosedSpacesPartial,8/13/2020,9/17/2020
Finland,MassGather50,3/18/2020,6/30/2020
Finland,MassGather50Partial,7/1/2020,7/31/2020
Finland,MassGather50Partial,10/15/2020,NA
Finland,MassGatherAll,3/12/2020,6/30/2020
Finland,MassGatherAllPartial,7/1/2020,NA
Finland,OutdoorOver50,3/18/2020,7/1/2020
Finland,OutdoorOver50,10/15/2020,NA
Finland,OutdoorOver500,3/12/2020,3/17/2020
Finland,OutdoorOver500,7/2/2020,10/14/2020
Finland,RestaurantsCafes,3/18/2020,5/31/2020
Finland,RestaurantsCafes,3/8/2021,3/8/2021
Finland,RestaurantsCafesPartial,6/1/2020,7/13/2020
Finland,RestaurantsCafesPartial,10/1/2020,3/7/2021
Finland,RestaurantsCafesPartial,3/9/2021,NA
Finland,StayHomeRiskG,3/16/2020,6/22/2020
Finland,StayHomeRiskGPartial,6/23/2020,NA
Finland,Teleworking,3/18/2020,8/1/2020
Finland,TeleworkingPartial,8/13/2020,NA
France,BanOnAllEvents,10/19/2020,NA
France,ClosDaycare,3/16/2020,6/1/2020
France,ClosDaycarePartial,6/2/2020,6/22/2020
France,ClosHigh,10/27/2020,1/24/2021
France,ClosHighPartial,3/16/2020,6/22/2020
France,ClosHighPartial,1/25/2021,NA
France,ClosPrimPartial,3/16/2020,6/22/2020
France,ClosPubAny,3/16/2020,5/10/2020
France,ClosPubAnyPartial,5/11/2020,6/22/2020
France,ClosPubAnyPartial,10/28/2020,NA
France,ClosSec,3/16/2020,5/10/2020
France,ClosSecPartial,5/11/2020,6/22/2020
France,EntertainmentVenues,3/16/2020,6/1/2020
France,EntertainmentVenues,10/28/2020,NA
France,EntertainmentVenuesPartial,6/2/2020,6/22/2020
France,GymsSportsCentres,3/16/2020,6/22/2020
France,GymsSportsCentres,10/28/2020,NA
France,IndoorOver1000,2/29/2020,10/18/2020
France,MasksMandatoryAllSpaces,10/28/2020,NA
France,MasksMandatoryClosedSpaces,5/18/2020,NA
France,MasksVoluntaryAllSpaces,5/11/2020,7/25/2020
France,MasksVoluntaryClosedSpaces,5/11/2020,5/17/2020
France,MassGather50,10/19/2020,NA
France,MassGather50Partial,9/18/2020,10/18/2020
France,MassGatherAll,2/29/2020,9/17/2020
France,MassGatherAll,10/19/2020,NA
France,MassGatherAllPartial,9/18/2020,10/18/2020
France,NonEssentialShops,3/16/2020,5/10/2020
France,NonEssentialShops,10/29/2020,11/27/2020
France,NonEssentialShopsPartial,5/11/2020,6/2/2020
France,NonEssentialShopsPartial,11/28/2020,NA
France,OutdoorOver1000,3/13/2020,7/11/2020
France,OutdoorOver50,9/18/2020,10/18/2020
France,PlaceOfWorshipPartial,10/28/2020,NA
France,PrivateGatheringRestrictions,3/17/2020,6/15/2020
France,PrivateGatheringRestrictionsPartial,9/23/2020,10/28/2020
France,RegionalStayHomeOrderPartial,10/17/2020,10/28/2020
France,RegionalStayHomeOrderPartial,2/26/2021,3/19/2021
France,RestaurantsCafes,3/16/2020,6/1/2020
France,RestaurantsCafes,10/28/2020,NA
France,RestaurantsCafesPartial,6/2/2020,6/15/2020
France,SocialCircle,10/28/2020,NA
France,StayHomeOrder,3/17/2020,5/11/2020
France,StayHomeOrder,10/28/2020,12/14/2020
France,StayHomeOrderPartial,5/12/2020,6/2/2020
France,StayHomeOrderPartial,12/15/2020,NA
France,Teleworking,3/17/2020,5/10/2020
France,Teleworking,10/29/2020,NA
France,TeleworkingPartial,5/11/2020,10/28/2020
France,WorkplaceClosures,3/17/2020,5/11/2020
Germany,BanOnAllEvents,3/23/2020,5/10/2020
Germany,BanOnAllEvents,11/2/2020,NA
Germany,BanOnAllEventsPartial,5/11/2020,6/29/2020
Germany,ClosDaycare,3/13/2020,5/14/2020
Germany,ClosDaycarePartial,5/15/2020,7/1/2020
Germany,ClosDaycarePartial,12/16/2020,NA
Germany,ClosPrim,3/13/2020,5/3/2020
Germany,ClosPrimPartial,5/4/2020,6/29/2020
Germany,ClosPrimPartial,12/16/2020,NA
Germany,ClosPubAny,3/16/2020,5/4/2020
Germany,ClosPubAnyPartial,5/5/2020,NA
Germany,ClosSec,3/13/2020,5/3/2020
Germany,ClosSecPartial,5/4/2020,6/15/2020
Germany,ClosSecPartial,12/16/2020,NA
Germany,EntertainmentVenues,3/16/2020,5/4/2020
Germany,EntertainmentVenues,11/2/2020,3/7/2021
Germany,EntertainmentVenuesPartial,5/5/2020,11/1/2020
Germany,EntertainmentVenuesPartial,3/8/2021,NA
Germany,GymsSportsCentres,11/2/2020,3/7/2021
Germany,GymsSportsCentresPartial,3/8/2021,NA
Germany,HotelsOtherAccommodationPartial,10/7/2020,NA
Germany,IndoorOver100,6/30/2020,9/28/2020
Germany,IndoorOver1000,3/10/2020,3/22/2020
Germany,IndoorOver50,9/29/2020,11/1/2020
Germany,MasksMandatoryAllSpacesPartial,11/1/2020,NA
Germany,MasksMandatoryClosedSpaces,4/27/2020,NA
Germany,MasksVoluntaryAllSpaces,4/2/2020,4/27/2020
Germany,MassGather50,3/23/2020,5/10/2020
Germany,MassGather50,11/2/2020,NA
Germany,MassGather50Partial,5/11/2020,6/29/2020
Germany,MassGather50Partial,9/29/2020,11/1/2020
Germany,MassGatherAll,3/10/2020,5/10/2020
Germany,MassGatherAll,11/2/2020,NA
Germany,MassGatherAllPartial,5/11/2020,11/1/2020
Germany,NonEssentialShops,3/16/2020,4/20/2020
Germany,NonEssentialShops,12/16/2020,3/7/2021
Germany,NonEssentialShopsPartial,3/8/2021,NA
Germany,OutdoorOver100,6/30/2020,11/1/2020
Germany,PlaceOfWorshipPartial,12/16/2020,NA
Germany,PrivateGatheringRestrictions,11/2/2020,NA
Germany,RestaurantsCafes,3/23/2020,5/4/2020
Germany,RestaurantsCafes,11/2/2020,NA
Germany,RestaurantsCafesPartial,5/5/2020,6/8/2020
Germany,RestaurantsCafesPartial,10/14/2020,11/1/2020
Germany,SocialCirclePartial,8/2/2020,NA
Germany,StayHomeGen,3/17/2020,5/5/2020
Germany,StayHomeGenPartial,5/6/2020,6/29/2020
Germany,StayHomeOrderPartial,12/9/2020,NA
Germany,Teleworking,1/19/2021,NA
Germany,TeleworkingPartial,12/23/2020,1/18/2021
Greece,BanOnAllEvents,11/7/2020,1/25/2021
Greece,BanOnAllEventsPartial,7/13/2020,11/6/2020
Greece,ClosDaycare,3/11/2020,6/1/2020
Greece,ClosDaycare,11/16/2020,1/10/2021
Greece,ClosDaycare,3/20/2021,NA
Greece,ClosDaycarePartial,2/6/2021,3/19/2021
Greece,ClosHigh,11/3/2020,NA
Greece,ClosHighPartial,3/16/2020,5/25/2020
Greece,ClosPrim,3/11/2020,6/1/2020
Greece,ClosPrim,11/16/2020,1/10/2021
Greece,ClosPrim,3/20/2021,NA
Greece,ClosPrimPartial,2/6/2021,3/19/2021
Greece,ClosPubAny,3/14/2020,5/3/2020
Greece,ClosPubAnyPartial,5/4/2020,NA
Greece,ClosSec,3/11/2020,5/10/2020
Greece,ClosSec,11/7/2020,2/5/2021
Greece,ClosSec,3/20/2021,NA
Greece,ClosSecPartial,5/11/2020,5/18/2020
Greece,ClosSecPartial,2/6/2021,3/19/2021
Greece,EntertainmentVenues,3/14/2020,5/17/2020
Greece,EntertainmentVenues,11/7/2020,NA
Greece,EntertainmentVenuesPartial,5/18/2020,6/15/2020
Greece,EntertainmentVenuesPartial,8/9/2020,11/6/2020
Greece,GymsSportsCentres,3/14/2020,6/5/2020
Greece,GymsSportsCentres,11/7/2020,NA
Greece,GymsSportsCentresPartial,6/6/2020,6/15/2020
Greece,GymsSportsCentresPartial,11/4/2020,11/6/2020
Greece,HotelsOtherAccommodation,3/15/2020,5/24/2020
Greece,HotelsOtherAccommodationPartial,5/25/2020,7/1/2020
Greece,MasksMandatoryAllSpaces,7/17/2020,NA
Greece,MasksMandatoryClosedSpaces,4/28/2020,7/6/2020
Greece,MasksVoluntaryClosedSpaces,7/7/2020,7/16/2020
Greece,MassGather50,11/7/2020,1/25/2021
Greece,MassGather50Partial,7/13/2020,11/6/2020
Greece,MassGatherAll,11/7/2020,NA
Greece,MassGatherAllPartial,7/13/2020,11/6/2020
Greece,NonEssentialShops,3/14/2020,5/3/2020
Greece,NonEssentialShops,11/7/2020,1/17/2021
Greece,NonEssentialShopsPartial,5/4/2020,6/1/2020
Greece,NonEssentialShopsPartial,2/6/2021,NA
Greece,OutdoorOver100,1/26/2021,NA
Greece,PlaceOfWorship,3/14/2020,5/16/2020
Greece,PlaceOfWorshipPartial,5/17/2020,6/5/2020
Greece,PlaceOfWorshipPartial,11/7/2020,NA
Greece,PrivateGatheringRestrictions,3/19/2020,5/3/2020
Greece,PrivateGatheringRestrictions,11/7/2020,NA
Greece,RegionalStayHomeOrder,11/3/2020,11/6/2020
Greece,RegionalStayHomeOrder,1/11/2021,2/5/2021
Greece,RegionalStayHomeOrderPartial,2/6/2021,NA
Greece,RestaurantsCafes,3/14/2020,5/31/2020
Greece,RestaurantsCafes,11/7/2020,NA
Greece,RestaurantsCafesPartial,6/1/2020,11/6/2020
Greece,SocialCircle,1/1/2021,1/2/2021
Greece,StayHomeGen,2/27/2020,3/22/2020
Greece,StayHomeOrder,3/23/2020,5/4/2020
Greece,StayHomeOrderPartial,11/7/2020,NA
Greece,StayHomeRiskG,3/11/2020,NA
Greece,Teleworking,3/19/2020,NA
Hungary,BanOnAllEvents,3/16/2020,6/11/2020
Hungary,BanOnAllEvents,11/11/2020,NA
Hungary,ClosDaycare,3/25/2020,6/2/2020
Hungary,ClosDaycare,3/9/2021,NA
Hungary,ClosHigh,3/25/2020,5/18/2020
Hungary,ClosHigh,11/11/2020,NA
Hungary,ClosPrim,3/16/2020,6/1/2020
Hungary,ClosPrim,3/8/2021,NA
Hungary,ClosPrimPartial,6/2/2020,6/26/2020
Hungary,ClosPubAny,3/13/2020,5/18/2020
Hungary,ClosPubAny,3/8/2021,NA
Hungary,ClosPubAnyPartial,9/21/2020,3/7/2021
Hungary,ClosSec,3/16/2020,6/1/2020
Hungary,ClosSec,11/11/2020,NA
Hungary,ClosSecPartial,6/2/2020,6/26/2020
Hungary,EntertainmentVenues,3/13/2020,5/18/2020
Hungary,EntertainmentVenues,11/4/2020,NA
Hungary,GymsSportsCentres,11/11/2020,NA
Hungary,IndoorOver100,3/11/2020,3/15/2020
Hungary,IndoorOver500,9/21/2020,11/10/2020
Hungary,MasksMandatoryAllSpaces,11/11/2020,NA
Hungary,MasksMandatoryClosedSpaces,11/2/2020,11/11/2020
Hungary,MasksMandatoryClosedSpacesPartial,5/4/2020,11/1/2020
Hungary,MassGather50,3/16/2020,6/11/2020
Hungary,MassGather50,11/11/2020,NA
Hungary,MassGatherAll,3/11/2020,6/11/2020
Hungary,MassGatherAll,11/11/2020,NA
Hungary,MassGatherAllPartial,9/21/2020,11/10/2020
Hungary,NonEssentialShops,3/28/2020,5/18/2020
Hungary,NonEssentialShops,3/8/2021,3/22/2021
Hungary,NonEssentialShopsPartial,11/11/2020,3/7/2021
Hungary,OutdoorOver500,9/21/2020,11/10/2020
Hungary,PrivateGatheringRestrictionsPartial,11/11/2020,NA
Hungary,RestaurantsCafes,3/28/2020,5/18/2020
Hungary,RestaurantsCafes,11/11/2020,NA
Hungary,RestaurantsCafesPartial,9/21/2020,11/10/2020
Hungary,StayHomeGen,3/21/2020,3/26/2020
Hungary,StayHomeOrder,3/27/2020,5/18/2020
Hungary,StayHomeOrderPartial,11/4/2020,NA
Hungary,TeleworkingPartial,3/8/2021,3/22/2021
Iceland,AdaptationOfWorkplace,3/16/2020,NA
Iceland,ClosHigh,3/16/2020,5/4/2020
Iceland,ClosPubAny,3/16/2020,5/3/2020
Iceland,ClosPubAnyPartial,5/4/2020,6/15/2020
Iceland,ClosPubAnyPartial,8/31/2020,NA
Iceland,ClosSec,3/16/2020,5/4/2020
Iceland,EntertainmentVenues,3/16/2020,5/3/2020
Iceland,EntertainmentVenues,11/1/2020,12/9/2020
Iceland,EntertainmentVenuesPartial,5/4/2020,5/25/2020
Iceland,EntertainmentVenuesPartial,8/31/2020,10/31/2020
Iceland,EntertainmentVenuesPartial,12/10/2020,NA
Iceland,GymsSportsCentres,3/16/2020,5/17/2020
Iceland,GymsSportsCentresPartial,5/18/2020,6/15/2020
Iceland,GymsSportsCentresPartial,10/20/2020,NA
Iceland,IndoorOver100,3/16/2020,3/23/2020
Iceland,IndoorOver100,7/31/2020,9/9/2020
Iceland,IndoorOver50,3/24/2020,5/25/2020
Iceland,IndoorOver50,2/24/2021,NA
Iceland,IndoorOver500,5/26/2020,7/30/2020
Iceland,IndoorOver500,9/10/2020,10/3/2020
Iceland,MasksMandatoryAllSpacesPartial,10/5/2020,NA
Iceland,MasksVoluntaryAllSpacesPartial,7/31/2020,10/5/2020
Iceland,MassGather50,3/24/2020,5/25/2020
Iceland,MassGather50,10/4/2020,NA
Iceland,MassGatherAll,3/16/2020,5/24/2020
Iceland,MassGatherAll,10/4/2020,NA
Iceland,MassGatherAllPartial,5/25/2020,10/3/2020
Iceland,OutdoorOver100,3/16/2020,3/23/2020
Iceland,OutdoorOver100,7/31/2020,9/7/2020
Iceland,OutdoorOver50,3/24/2020,5/25/2020
Iceland,OutdoorOver50,10/4/2020,2/23/2021
Iceland,OutdoorOver500,5/26/2020,7/30/2020
Iceland,OutdoorOver500,9/8/2020,10/3/2020
Iceland,OutdoorOver500,2/24/2021,NA
Iceland,PrivateGatheringRestrictions,10/4/2020,2/23/2021
Iceland,RestaurantsCafes,3/16/2020,5/25/2020
Iceland,RestaurantsCafesPartial,10/31/2020,NA
Iceland,StayHomeRiskG,3/16/2020,NA
Ireland,BanOnAllEvents,3/24/2020,6/28/2020
Ireland,BanOnAllEvents,10/21/2020,11/30/2020
Ireland,BanOnAllEvents,12/31/2020,NA
Ireland,BanOnAllEventsPartial,3/6/2020,3/8/2020
Ireland,ClosDaycare,3/12/2020,6/29/2020
Ireland,ClosDaycarePartial,1/11/2021,NA
Ireland,ClosHigh,3/12/2020,9/20/2020
Ireland,ClosHighPartial,9/21/2020,NA
Ireland,ClosPrim,3/12/2020,8/24/2020
Ireland,ClosPrim,1/11/2021,2/28/2021
Ireland,ClosPrimPartial,3/1/2021,3/14/2021
Ireland,ClosPubAny,3/12/2020,3/26/2020
Ireland,ClosPubAny,6/6/2020,6/29/2020
Ireland,ClosPubAny,10/21/2020,11/30/2020
Ireland,ClosPubAny,12/31/2020,NA
Ireland,ClosPubAnyPartial,3/27/2020,6/5/2020
Ireland,ClosPubAnyPartial,10/6/2020,10/20/2020
Ireland,ClosPubAnyPartial,12/1/2020,12/30/2020
Ireland,ClosSec,3/12/2020,8/31/2020
Ireland,ClosSec,1/11/2021,2/28/2021
Ireland,ClosSecPartial,3/1/2021,NA
Ireland,ClosureOfPublicTransportPartial,3/27/2020,6/5/2020
Ireland,EntertainmentVenues,3/12/2020,6/29/2020
Ireland,EntertainmentVenues,10/6/2020,11/30/2020
Ireland,EntertainmentVenues,12/25/2020,NA
Ireland,EntertainmentVenuesPartial,12/1/2020,12/24/2020
Ireland,GymsSportsCentres,3/24/2020,6/29/2020
Ireland,GymsSportsCentres,10/21/2020,11/30/2020
Ireland,GymsSportsCentres,12/31/2020,NA
Ireland,GymsSportsCentresPartial,10/6/2020,10/20/2020
Ireland,GymsSportsCentresPartial,12/1/2020,12/30/2020
Ireland,IndoorOver100,3/12/2020,3/23/2020
Ireland,IndoorOver50,6/29/2020,10/20/2020
Ireland,MasksMandatoryClosedSpaces,6/29/2020,NA
Ireland,MasksVoluntaryAllSpaces,5/18/2020,NA
Ireland,MassGather50,3/24/2020,11/30/2020
Ireland,MassGather50,12/31/2020,NA
Ireland,MassGather50Partial,3/6/2020,3/8/2020
Ireland,MassGatherAll,3/12/2020,11/30/2020
Ireland,MassGatherAll,12/31/2020,NA
Ireland,MassGatherAllPartial,3/6/2020,3/8/2020
Ireland,NonEssentialShops,3/24/2020,6/29/2020
Ireland,NonEssentialShops,10/21/2020,11/30/2020
Ireland,NonEssentialShops,1/1/2021,NA
Ireland,OutdoorOver50,8/24/2020,10/20/2020
Ireland,OutdoorOver500,3/12/2020,3/23/2020
Ireland,OutdoorOver500,6/29/2020,8/23/2020
Ireland,PlaceOfWorship,10/6/2020,11/30/2020
Ireland,PlaceOfWorship,12/31/2020,NA
Ireland,PlaceOfWorshipPartial,12/1/2020,12/30/2020
Ireland,PrivateGatheringRestrictions,3/24/2020,6/28/2020
Ireland,PrivateGatheringRestrictions,10/21/2020,11/30/2020
Ireland,PrivateGatheringRestrictions,12/31/2020,NA
Ireland,PrivateGatheringRestrictionsPartial,12/1/2020,12/30/2020
Ireland,RestaurantsCafes,3/24/2020,6/29/2020
Ireland,RestaurantsCafes,10/21/2020,12/3/2020
Ireland,RestaurantsCafes,12/25/2020,NA
Ireland,RestaurantsCafesPartial,10/6/2020,10/20/2020
Ireland,RestaurantsCafesPartial,12/4/2020,12/24/2020
Ireland,SocialCircle,10/21/2020,NA
Ireland,StayHomeGen,3/24/2020,3/26/2020
Ireland,StayHomeGen,5/18/2020,6/26/2020
Ireland,StayHomeGenPartial,3/12/2020,3/23/2020
Ireland,StayHomeOrder,3/27/2020,5/17/2020
Ireland,StayHomeOrder,10/21/2020,11/30/2020
Ireland,StayHomeOrder,12/31/2020,NA
Ireland,StayHomeRiskG,3/12/2020,NA
Ireland,Teleworking,3/12/2020,NA
Italy,AdaptationOfWorkplace,3/10/2020,6/10/2020
Italy,AdaptationOfWorkplacePartial,6/11/2020,10/15/2020
Italy,BanOnAllEvents,3/9/2020,6/11/2020
Italy,BanOnAllEvents,11/6/2020,3/5/2021
Italy,BanOnAllEventsPartial,3/4/2020,3/8/2020
Italy,ClosDaycare,3/10/2020,6/10/2020
Italy,ClosDaycarePartial,3/4/2020,3/9/2020
Italy,ClosDaycarePartial,6/11/2020,9/14/2020
Italy,ClosHigh,3/10/2020,6/10/2020
Italy,ClosHigh,12/4/2020,1/15/2021
Italy,ClosHighPartial,3/4/2020,3/9/2020
Italy,ClosHighPartial,6/11/2020,9/14/2020
Italy,ClosHighPartial,11/5/2020,12/3/2020
Italy,ClosPrim,3/11/2020,9/14/2020
Italy,ClosPrimPartial,3/4/2020,3/10/2020
Italy,ClosPubAny,12/24/2020,1/6/2021
Italy,ClosPubAnyPartial,3/10/2020,12/23/2020
Italy,ClosPubAnyPartial,1/7/2021,NA
Italy,ClosSec,3/4/2020,6/16/2020
Italy,ClosSec,7/5/2020,9/14/2020
Italy,ClosSec,11/5/2020,1/6/2021
Italy,ClosSecPartial,6/17/2020,7/4/2020
Italy,ClosSecPartial,1/15/2021,3/5/2021
Italy,ClosureOfPublicTransportPartial,11/5/2020,12/3/2020
Italy,ClosureOfPublicTransportPartial,1/15/2021,3/5/2021
Italy,EntertainmentVenues,3/10/2020,5/17/2020
Italy,EntertainmentVenues,10/26/2020,NA
Italy,EntertainmentVenuesPartial,5/18/2020,6/15/2020
Italy,GymsSportsCentres,3/10/2020,5/24/2020
Italy,GymsSportsCentres,10/26/2020,NA
Italy,GymsSportsCentresPartial,5/25/2020,10/25/2020
Italy,IndoorOver500,8/7/2020,11/5/2020
Italy,MasksMandatoryAllSpaces,4/26/2020,7/14/2020
Italy,MasksMandatoryAllSpaces,10/8/2020,NA
Italy,MasksMandatoryAllSpacesPartial,8/16/2020,10/7/2020
Italy,MasksMandatoryClosedSpaces,7/15/2020,8/15/2020
Italy,MassGather50,3/9/2020,6/11/2020
Italy,MassGather50,11/6/2020,3/5/2021
Italy,MassGather50Partial,3/4/2020,3/8/2020
Italy,MassGatherAll,3/9/2020,6/11/2020
Italy,MassGatherAll,11/6/2020,3/5/2021
Italy,MassGatherAllPartial,3/4/2020,3/8/2020
Italy,MassGatherAllPartial,6/12/2020,11/5/2020
Italy,NonEssentialShops,3/10/2020,4/13/2020
Italy,NonEssentialShops,12/24/2020,1/6/2021
Italy,NonEssentialShopsPartial,4/14/2020,5/18/2020
Italy,OutdoorOver1000,6/12/2020,11/5/2020
Italy,PlaceOfWorship,3/10/2020,6/15/2020
Italy,PrivateGatheringRestrictionsPartial,2/22/2021,NA
Italy,RegionalStayHomeOrder,1/16/2021,1/31/2021
Italy,RegionalStayHomeOrder,2/8/2021,2/21/2021
Italy,RegionalStayHomeOrder,3/8/2021,NA
Italy,RegionalStayHomeOrderPartial,10/22/2020,12/3/2020
Italy,RestaurantsCafes,12/24/2020,1/6/2021
Italy,RestaurantsCafesPartial,3/10/2020,5/18/2020
Italy,RestaurantsCafesPartial,10/18/2020,12/23/2020
Italy,RestaurantsCafesPartial,1/7/2021,NA
Italy,StayHomeGen,10/26/2020,11/4/2020
Italy,StayHomeOrder,3/10/2020,5/4/2020
Italy,StayHomeOrderPartial,11/5/2020,NA
Italy,StayHomeRiskG,3/4/2020,NA
Italy,Teleworking,3/12/2020,6/10/2020
Italy,Teleworking,10/16/2020,3/5/2021
Latvia,BanOnAllEvents,11/9/2020,NA
Latvia,BanOnAllEventsPartial,5/12/2020,6/10/2020
Latvia,ClosDaycarePartial,3/17/2020,6/10/2020
Latvia,ClosDaycarePartial,3/16/2021,NA
Latvia,ClosHigh,3/17/2020,8/31/2020
Latvia,ClosHigh,10/26/2020,NA
Latvia,ClosPrim,3/17/2020,8/31/2020
Latvia,ClosPrimPartial,11/2/2020,NA
Latvia,ClosPubAny,3/17/2020,5/11/2020
Latvia,ClosPubAnyPartial,5/12/2020,6/10/2020
Latvia,ClosPubAnyPartial,7/11/2020,NA
Latvia,ClosSec,10/26/2020,NA
Latvia,ClosSecPartial,3/17/2020,5/7/2020
Latvia,ClosureOfPublicTransportPartial,12/7/2020,NA
Latvia,EntertainmentVenues,3/17/2020,5/11/2020
Latvia,EntertainmentVenues,11/9/2020,NA
Latvia,EntertainmentVenuesPartial,5/12/2020,6/10/2020
Latvia,GymsSportsCentres,3/17/2020,5/11/2020
Latvia,GymsSportsCentres,12/3/2020,NA
Latvia,GymsSportsCentresPartial,5/12/2020,6/10/2020
Latvia,IndoorOver100,6/11/2020,7/31/2020
Latvia,IndoorOver1000,8/17/2020,10/10/2020
Latvia,IndoorOver50,3/17/2020,5/11/2020
Latvia,IndoorOver500,8/1/2020,8/16/2020
Latvia,IndoorOver500,10/11/2020,11/6/2020
Latvia,MasksMandatoryAllSpacesPartial,3/17/2020,6/30/2020
Latvia,MasksMandatoryClosedSpaces,10/7/2020,NA
Latvia,MasksMandatoryClosedSpacesPartial,5/12/2020,6/30/2020
Latvia,MasksVoluntaryAllSpacesPartial,4/20/2020,6/30/2020
Latvia,MassGather50,3/17/2020,5/11/2020
Latvia,MassGather50,11/9/2020,NA
Latvia,MassGather50Partial,5/12/2020,6/10/2020
Latvia,MassGatherAll,3/17/2020,5/11/2020
Latvia,MassGatherAll,6/11/2020,6/30/2020
Latvia,MassGatherAll,8/1/2020,11/6/2020
Latvia,MassGatherAll,11/9/2020,NA
Latvia,MassGatherAllPartial,5/12/2020,6/10/2020
Latvia,MassGatherAllPartial,7/1/2020,7/31/2020
Latvia,NonEssentialShopsPartial,11/9/2020,NA
Latvia,OutdoorOver1000,7/1/2020,10/29/2020
Latvia,OutdoorOver500,6/11/2020,6/30/2020
Latvia,OutdoorOver500,10/30/2020,11/6/2020
Latvia,PlaceOfWorship,3/17/2020,5/11/2020
Latvia,PlaceOfWorshipPartial,5/12/2020,6/10/2020
Latvia,PlaceOfWorshipPartial,12/6/2020,NA
Latvia,PrivateGatheringRestrictions,10/17/2020,NA
Latvia,RestaurantsCafes,11/9/2020,NA
Latvia,RestaurantsCafesPartial,7/11/2020,11/8/2020
Latvia,StayHomeGen,3/17/2020,5/11/2020
Latvia,StayHomeGenPartial,5/12/2020,6/10/2020
Latvia,StayHomeOrderPartial,12/24/2020,2/7/2021
Latvia,Teleworking,3/17/2020,NA
Liechtenstein,BanOnAllEvents,12/20/2020,NA
Liechtenstein,ClosDaycare,3/16/2020,5/11/2020
Liechtenstein,ClosHigh,3/16/2020,6/8/2020
Liechtenstein,ClosPrim,3/16/2020,6/8/2020
Liechtenstein,ClosPubAny,10/24/2020,11/29/2020
Liechtenstein,ClosPubAny,12/20/2020,2/28/2021
Liechtenstein,ClosPubAnyPartial,3/12/2020,6/6/2020
Liechtenstein,ClosPubAnyPartial,11/30/2020,12/19/2020
Liechtenstein,ClosPubAnyPartial,3/1/2021,NA
Liechtenstein,ClosSec,3/16/2020,6/8/2020
Liechtenstein,EntertainmentVenues,3/17/2020,6/6/2020
Liechtenstein,EntertainmentVenues,12/20/2020,2/28/2021
Liechtenstein,EntertainmentVenuesPartial,12/12/2020,12/19/2020
Liechtenstein,EntertainmentVenuesPartial,3/1/2021,NA
Liechtenstein,GymsSportsCentres,1/12/2021,2/28/2021
Liechtenstein,GymsSportsCentresPartial,3/12/2020,6/6/2020
Liechtenstein,GymsSportsCentresPartial,3/1/2021,NA
Liechtenstein,IndoorOver100,3/13/2020,7/3/2020
Liechtenstein,IndoorOver1000,2/28/2020,3/12/2020
Liechtenstein,IndoorOver1000,7/4/2020,9/30/2020
Liechtenstein,MasksMandatoryAllSpaces,12/20/2020,NA
Liechtenstein,MasksMandatoryClosedSpaces,10/20/2020,12/19/2020
Liechtenstein,MasksMandatoryClosedSpacesPartial,7/6/2020,10/19/2020
Liechtenstein,MasksVoluntaryClosedSpacesPartial,5/13/2020,7/5/2020
Liechtenstein,MassGather50,12/20/2020,NA
Liechtenstein,MassGatherAll,2/28/2020,9/30/2020
Liechtenstein,MassGatherAll,12/20/2020,NA
Liechtenstein,NonEssentialShops,3/17/2020,4/27/2020
Liechtenstein,OutdoorOver100,3/13/2020,7/3/2020
Liechtenstein,OutdoorOver1000,2/28/2020,3/12/2020
Liechtenstein,PrivateGatheringRestrictions,3/16/2020,5/20/2020
Liechtenstein,PrivateGatheringRestrictions,10/19/2020,NA
Liechtenstein,RestaurantsCafes,3/17/2020,5/15/2020
Liechtenstein,RestaurantsCafes,10/24/2020,11/29/2020
Liechtenstein,RestaurantsCafes,12/20/2020,NA
Liechtenstein,RestaurantsCafesPartial,11/30/2020,12/19/2020
Liechtenstein,StayHomeGen,3/21/2020,5/18/2020
Liechtenstein,StayHomeRiskG,3/16/2020,NA
Liechtenstein,TeleworkingPartial,1/15/2021,NA
Lithuania,BanOnAllEvents,3/12/2020,5/31/2020
Lithuania,BanOnAllEvents,11/7/2020,3/5/2021
Lithuania,BanOnAllEventsPartial,3/6/2021,NA
Lithuania,ClosDaycare,3/16/2020,4/26/2020
Lithuania,ClosDaycarePartial,4/27/2020,5/27/2020
Lithuania,ClosHigh,3/16/2020,5/24/2020
Lithuania,ClosHigh,11/7/2020,NA
Lithuania,ClosHighPartial,5/25/2020,6/30/2020
Lithuania,ClosHighPartial,9/1/2020,11/6/2020
Lithuania,ClosPrim,3/16/2020,5/24/2020
Lithuania,ClosPrim,12/14/2020,3/21/2021
Lithuania,ClosPrimPartial,5/25/2020,6/23/2020
Lithuania,ClosPubAnyPartial,3/16/2020,NA
Lithuania,ClosSec,3/16/2020,5/31/2020
Lithuania,ClosSec,11/7/2020,3/21/2021
Lithuania,ClosSecPartial,6/1/2020,6/16/2020
Lithuania,ClosSecPartial,9/1/2020,11/6/2020
Lithuania,EntertainmentVenues,3/16/2020,4/26/2020
Lithuania,EntertainmentVenues,12/16/2020,3/5/2021
Lithuania,EntertainmentVenuesPartial,4/27/2020,7/17/2020
Lithuania,EntertainmentVenuesPartial,10/26/2020,12/15/2020
Lithuania,EntertainmentVenuesPartial,3/6/2021,NA
Lithuania,GymsSportsCentres,11/7/2020,NA
Lithuania,GymsSportsCentresPartial,3/16/2020,6/16/2020
Lithuania,HotelsOtherAccommodationPartial,11/7/2020,NA
Lithuania,IndoorOver100,6/1/2020,6/15/2020
Lithuania,IndoorOver1000,8/16/2020,8/31/2020
Lithuania,IndoorOver500,6/17/2020,7/31/2020
Lithuania,IndoorOver500,10/30/2020,11/6/2020
Lithuania,MasksMandatoryAllSpaces,4/10/2020,4/29/2020
Lithuania,MasksMandatoryAllSpaces,11/7/2020,2/24/2021
Lithuania,MasksMandatoryAllSpacesPartial,4/30/2020,6/16/2020
Lithuania,MasksMandatoryAllSpacesPartial,8/21/2020,11/6/2020
Lithuania,MasksMandatoryAllSpacesPartial,2/25/2021,NA
Lithuania,MasksMandatoryClosedSpacesPartial,8/1/2020,8/20/2020
Lithuania,MasksVoluntaryAllSpaces,3/23/2020,4/9/2020
Lithuania,MasksVoluntaryAllSpaces,6/16/2020,11/6/2020
Lithuania,MassGather50,3/12/2020,5/3/2020
Lithuania,MassGather50,11/7/2020,3/5/2021
Lithuania,MassGather50Partial,5/4/2020,6/16/2020
Lithuania,MassGather50Partial,3/6/2021,NA
Lithuania,MassGatherAll,3/12/2020,5/3/2020
Lithuania,MassGatherAll,7/1/2020,8/15/2020
Lithuania,MassGatherAll,11/14/2020,3/5/2021
Lithuania,MassGatherAllPartial,5/4/2020,6/30/2020
Lithuania,MassGatherAllPartial,8/16/2020,8/31/2020
Lithuania,MassGatherAllPartial,10/30/2020,11/13/2020
Lithuania,MassGatherAllPartial,3/6/2021,NA
Lithuania,NonEssentialShops,3/16/2020,4/22/2020
Lithuania,NonEssentialShops,12/16/2020,2/14/2021
Lithuania,NonEssentialShopsPartial,4/23/2020,12/15/2020
Lithuania,NonEssentialShopsPartial,2/15/2021,NA
Lithuania,OutdoorOver1000,6/17/2020,8/31/2020
Lithuania,OutdoorOver50,6/1/2020,6/16/2020
Lithuania,OutdoorOver500,10/30/2020,11/6/2020
Lithuania,PlaceOfWorship,3/16/2020,4/26/2020
Lithuania,PlaceOfWorshipPartial,4/27/2020,6/16/2020
Lithuania,PlaceOfWorshipPartial,11/7/2020,NA
Lithuania,PrivateGatheringRestrictions,11/7/2020,12/15/2020
Lithuania,PrivateGatheringRestrictionsPartial,3/19/2020,6/8/2020
Lithuania,PrivateGatheringRestrictionsPartial,10/26/2020,11/6/2020
Lithuania,RestaurantsCafes,3/16/2020,4/22/2020
Lithuania,RestaurantsCafes,11/7/2020,NA
Lithuania,RestaurantsCafesPartial,4/23/2020,11/6/2020
Lithuania,SocialCircle,12/16/2020,NA
Lithuania,StayHomeGen,3/16/2020,6/16/2020
Lithuania,StayHomeGen,11/7/2020,12/15/2020
Lithuania,StayHomeOrder,12/16/2020,NA
Lithuania,Teleworking,3/10/2020,6/15/2020
Lithuania,TeleworkingPartial,6/16/2020,NA
Luxembourg,ClosDaycare,3/16/2020,5/24/2020
Luxembourg,ClosDaycare,12/28/2020,1/10/2021
Luxembourg,ClosHigh,3/16/2020,5/24/2020
Luxembourg,ClosHigh,12/28/2020,1/10/2021
Luxembourg,ClosPrim,3/16/2020,5/24/2020
Luxembourg,ClosPrim,12/28/2020,1/10/2021
Luxembourg,ClosPubAnyPartial,3/16/2020,NA
Luxembourg,ClosSec,3/16/2020,5/4/2020
Luxembourg,ClosSec,12/28/2020,1/10/2021
Luxembourg,ClosSecPartial,5/5/2020,5/26/2020
Luxembourg,ClosureOfPublicTransportPartial,3/16/2020,6/8/2020
Luxembourg,EntertainmentVenues,3/16/2020,5/10/2020
Luxembourg,EntertainmentVenues,11/26/2020,1/10/2021
Luxembourg,EntertainmentVenuesPartial,5/11/2020,11/25/2020
Luxembourg,GymsSportsCentres,3/16/2020,5/29/2020
Luxembourg,GymsSportsCentres,11/26/2020,1/10/2021
Luxembourg,IndoorOver100,3/17/2020,5/10/2020
Luxembourg,IndoorOver100,9/22/2020,NA
Luxembourg,IndoorOver1000,3/9/2020,3/16/2020
Luxembourg,IndoorOver50,5/11/2020,9/21/2020
Luxembourg,MasksMandatoryAllSpaces,3/18/2020,4/19/2020
Luxembourg,MasksMandatoryAllSpacesPartial,6/22/2020,NA
Luxembourg,MasksMandatoryClosedSpaces,4/20/2020,NA
Luxembourg,MassGather50Partial,5/11/2020,9/21/2020
Luxembourg,MassGatherAll,3/9/2020,3/16/2020
Luxembourg,MassGatherAll,9/22/2020,NA
Luxembourg,MassGatherAllPartial,3/17/2020,9/21/2020
Luxembourg,NonEssentialShops,3/16/2020,4/19/2020
Luxembourg,NonEssentialShopsPartial,4/20/2020,5/11/2020
Luxembourg,NonEssentialShopsPartial,10/28/2020,NA
Luxembourg,OutdoorOver100,9/22/2020,NA
Luxembourg,OutdoorOver50,7/19/2020,9/21/2020
Luxembourg,OutdoorOver500,3/17/2020,7/18/2020
Luxembourg,PrivateGatheringRestrictions,3/16/2020,5/11/2020
Luxembourg,PrivateGatheringRestrictions,7/19/2020,NA
Luxembourg,RestaurantsCafes,3/16/2020,5/29/2020
Luxembourg,RestaurantsCafes,11/27/2020,NA
Luxembourg,RestaurantsCafesPartial,5/30/2020,11/26/2020
Luxembourg,StayHomeOrder,3/18/2020,4/19/2020
Luxembourg,StayHomeOrderPartial,4/20/2020,5/11/2020
Luxembourg,StayHomeOrderPartial,10/30/2020,NA
Luxembourg,StayHomeRiskG,3/12/2020,NA
Luxembourg,Teleworking,3/13/2020,NA
Malta,BanOnAllEvents,3/13/2020,NA
Malta,ClosDaycare,3/13/2020,6/30/2020
Malta,ClosHigh,3/13/2020,6/30/2020
Malta,ClosPrim,3/13/2020,6/30/2020
Malta,ClosPubAny,3/18/2020,5/21/2020
Malta,ClosPubAnyPartial,5/22/2020,NA
Malta,ClosSec,3/13/2020,6/30/2020
Malta,EntertainmentVenues,3/18/2020,5/21/2020
Malta,EntertainmentVenuesPartial,8/17/2020,NA
Malta,GymsSportsCentres,3/18/2020,6/2/2020
Malta,GymsSportsCentresPartial,6/3/2020,NA
Malta,MasksMandatoryAllSpaces,11/18/2020,NA
Malta,MasksMandatoryClosedSpaces,5/22/2020,10/17/2020
Malta,MassGather50,3/13/2020,NA
Malta,MassGatherAll,3/13/2020,NA
Malta,NonEssentialShops,3/23/2020,5/21/2020
Malta,NonEssentialShopsPartial,5/22/2020,NA
Malta,PlaceOfWorshipPartial,8/20/2020,NA
Malta,RestaurantsCafes,3/18/2020,5/21/2020
Malta,RestaurantsCafesPartial,5/22/2020,NA
Malta,StayHomeRiskG,3/28/2020,NA
Malta,Teleworking,5/8/2020,NA
Netherlands,AdaptationOfWorkplace,3/25/2020,NA
Netherlands,BanOnAllEvents,3/23/2020,5/31/2020
Netherlands,BanOnAllEvents,11/4/2020,NA
Netherlands,BanOnAllEventsPartial,10/14/2020,11/3/2020
Netherlands,ClosDaycare,3/16/2020,5/10/2020
Netherlands,ClosDaycare,12/16/2020,2/7/2021
Netherlands,ClosDaycarePartial,6/8/2020,7/1/2020
Netherlands,ClosHigh,3/12/2020,6/14/2020
Netherlands,ClosHigh,12/16/2020,NA
Netherlands,ClosHighPartial,6/15/2020,9/1/2020
Netherlands,ClosPrim,3/16/2020,5/10/2020
Netherlands,ClosPrim,12/16/2020,2/7/2021
Netherlands,ClosPrimPartial,5/11/2020,6/8/2020
Netherlands,ClosPubAny,12/15/2020,3/2/2021
Netherlands,ClosPubAnyPartial,3/12/2020,12/14/2020
Netherlands,ClosPubAnyPartial,3/3/2021,NA
Netherlands,ClosSec,3/16/2020,6/1/2020
Netherlands,ClosSec,12/16/2020,2/28/2021
Netherlands,ClosSecPartial,6/2/2020,6/30/2020
Netherlands,ClosSecPartial,3/1/2021,NA
Netherlands,ClosureOfPublicTransportPartial,3/12/2020,5/31/2020
Netherlands,EntertainmentVenues,3/12/2020,5/31/2020
Netherlands,EntertainmentVenues,11/4/2020,NA
Netherlands,EntertainmentVenuesPartial,6/1/2020,11/3/2020
Netherlands,GymsSportsCentres,3/16/2020,4/28/2020
Netherlands,GymsSportsCentres,12/15/2020,3/2/2021
Netherlands,GymsSportsCentresPartial,4/29/2020,6/30/2020
Netherlands,GymsSportsCentresPartial,10/14/2020,12/14/2020
Netherlands,GymsSportsCentresPartial,3/3/2021,NA
Netherlands,IndoorOver100,3/12/2020,3/22/2020
Netherlands,IndoorOver100,6/1/2020,9/28/2020
Netherlands,IndoorOver50,9/29/2020,10/13/2020
Netherlands,MasksMandatoryClosedSpaces,12/1/2020,NA
Netherlands,MasksMandatoryClosedSpacesPartial,6/1/2020,10/4/2020
Netherlands,MasksVoluntaryClosedSpacesPartial,10/5/2020,11/30/2020
Netherlands,MassGather50,3/23/2020,5/31/2020
Netherlands,MassGather50,9/29/2020,10/13/2020
Netherlands,MassGather50,11/4/2020,NA
Netherlands,MassGather50Partial,10/14/2020,11/3/2020
Netherlands,MassGatherAll,3/12/2020,6/30/2020
Netherlands,MassGatherAll,9/29/2020,10/13/2020
Netherlands,MassGatherAll,11/4/2020,NA
Netherlands,MassGatherAllPartial,7/1/2020,9/28/2020
Netherlands,MassGatherAllPartial,10/14/2020,11/3/2020
Netherlands,NonEssentialShops,12/15/2020,3/2/2021
Netherlands,NonEssentialShopsPartial,3/3/2021,NA
Netherlands,OutdoorOver100,3/12/2020,3/22/2020
Netherlands,OutdoorOver50,9/29/2020,10/13/2020
Netherlands,OutdoorOver500,7/1/2020,9/28/2020
Netherlands,PlaceOfWorship,3/16/2020,5/31/2020
Netherlands,PlaceOfWorshipPartial,6/1/2020,6/30/2020
Netherlands,PrivateGatheringRestrictions,3/23/2020,6/30/2020
Netherlands,PrivateGatheringRestrictions,8/18/2020,NA
Netherlands,RestaurantsCafes,3/15/2020,5/31/2020
Netherlands,RestaurantsCafes,10/14/2020,NA
Netherlands,RestaurantsCafesPartial,6/1/2020,6/30/2020
Netherlands,RestaurantsCafesPartial,9/29/2020,10/13/2020
Netherlands,StayHomeGen,3/18/2020,5/10/2020
Netherlands,StayHomeGen,12/15/2020,1/22/2021
Netherlands,StayHomeGenPartial,5/11/2020,6/1/2020
Netherlands,StayHomeGenPartial,11/4/2020,12/14/2020
Netherlands,StayHomeOrderPartial,1/23/2021,NA
Netherlands,StayHomeRiskG,3/13/2020,6/26/2020
Netherlands,Teleworking,3/12/2020,5/31/2020
Netherlands,Teleworking,8/18/2020,NA
Netherlands,TeleworkingPartial,6/1/2020,8/17/2020
Netherlands,WorkplaceClosures,3/23/2020,5/10/2020
Netherlands,WorkplaceClosures,12/15/2020,3/2/2021
Netherlands,WorkplaceClosuresPartial,3/3/2021,NA
Norway,BanOnAllEvents,3/12/2020,5/6/2020
Norway,ClosDaycare,3/12/2020,4/20/2020
Norway,ClosHigh,3/12/2020,6/14/2020
Norway,ClosHigh,1/4/2021,2/18/2021
Norway,ClosHighPartial,11/9/2020,1/3/2021
Norway,ClosHighPartial,2/19/2021,NA
Norway,ClosPrim,3/12/2020,4/26/2020
Norway,ClosPubAny,3/12/2020,5/31/2020
Norway,ClosPubAnyPartial,6/1/2020,NA
Norway,ClosSec,3/12/2020,5/11/2020
Norway,ClosSecPartial,1/4/2021,1/17/2021
Norway,EntertainmentVenues,3/12/2020,5/31/2020
Norway,EntertainmentVenuesPartial,6/1/2020,1/3/2021
Norway,GymsSportsCentres,3/12/2020,5/14/2020
Norway,GymsSportsCentres,1/3/2021,1/17/2021
Norway,GymsSportsCentresPartial,1/18/2021,NA
Norway,IndoorOver100,2/19/2021,NA
Norway,IndoorOver50,5/7/2020,6/14/2020
Norway,IndoorOver500,6/15/2020,2/18/2021
Norway,MasksVoluntaryAllSpacesPartial,8/14/2020,NA
Norway,MassGather50,3/12/2020,6/14/2020
Norway,MassGatherAll,3/12/2020,6/14/2020
Norway,MassGatherAll,10/12/2020,NA
Norway,MassGatherAllPartial,6/15/2020,10/11/2020
Norway,OutdoorOver50,5/7/2020,6/14/2020
Norway,OutdoorOver500,6/15/2020,NA
Norway,PrivateGatheringRestrictions,6/2/2020,NA
Norway,RestaurantsCafes,3/12/2020,5/31/2020
Norway,RestaurantsCafesPartial,6/1/2020,NA
Norway,StayHomeGen,11/9/2020,1/3/2021
Norway,StayHomeRiskG,3/12/2020,6/1/2020
Norway,Teleworking,3/10/2020,NA
Poland,AdaptationOfWorkplace,4/2/2020,NA
Poland,BanOnAllEvents,11/7/2020,NA
Poland,BanOnAllEventsPartial,7/17/2020,8/6/2020
Poland,ClosDaycare,3/12/2020,5/6/2020
Poland,ClosHigh,3/12/2020,5/24/2020
Poland,ClosHighPartial,5/25/2020,8/31/2020
Poland,ClosHighPartial,10/1/2020,NA
Poland,ClosPrim,3/12/2020,5/24/2020
Poland,ClosPrim,11/10/2020,1/17/2021
Poland,ClosPrim,3/20/2021,NA
Poland,ClosPrimPartial,5/25/2020,6/30/2020
Poland,ClosPrimPartial,10/24/2020,11/9/2020
Poland,ClosPrimPartial,1/18/2021,3/19/2021
Poland,ClosPubAny,3/14/2020,3/14/2020
Poland,ClosPubAnyPartial,3/15/2020,NA
Poland,ClosSec,3/12/2020,5/24/2020
Poland,ClosSec,10/24/2020,NA
Poland,ClosSecPartial,5/25/2020,6/30/2020
Poland,ClosSecPartial,9/1/2020,10/23/2020
Poland,ClosureOfPublicTransportPartial,3/15/2020,NA
Poland,EntertainmentVenues,3/14/2020,6/6/2020
Poland,EntertainmentVenues,10/24/2020,1/31/2021
Poland,EntertainmentVenues,3/20/2021,NA
Poland,EntertainmentVenuesPartial,6/7/2020,10/16/2020
Poland,EntertainmentVenuesPartial,2/1/2021,3/19/2021
Poland,GymsSportsCentres,3/14/2020,6/4/2020
Poland,GymsSportsCentres,10/17/2020,2/14/2021
Poland,GymsSportsCentres,3/20/2021,NA
Poland,GymsSportsCentresPartial,6/5/2020,8/6/2020
Poland,HotelsOtherAccommodation,3/14/2020,5/4/2020
Poland,HotelsOtherAccommodation,3/20/2021,NA
Poland,HotelsOtherAccommodationPartial,10/24/2020,3/19/2021
Poland,IndoorOver100,8/7/2020,10/22/2020
Poland,IndoorOver50,3/14/2020,5/3/2020
Poland,IndoorOver50,10/23/2020,11/6/2020
Poland,IndoorOver500,3/10/2020,3/13/2020
Poland,MasksMandatoryAllSpaces,4/16/2020,5/29/2020
Poland,MasksMandatoryAllSpaces,10/10/2020,NA
Poland,MasksMandatoryClosedSpacesPartial,5/30/2020,9/18/2020
Poland,MassGather50,3/14/2020,5/29/2020
Poland,MassGather50,10/23/2020,NA
Poland,MassGather50Partial,7/17/2020,8/6/2020
Poland,MassGatherAll,3/10/2020,6/18/2020
Poland,MassGatherAll,10/17/2020,NA
Poland,MassGatherAllPartial,6/19/2020,10/16/2020
Poland,NonEssentialShops,3/14/2020,5/17/2020
Poland,NonEssentialShops,11/7/2020,1/31/2021
Poland,NonEssentialShops,3/20/2021,NA
Poland,NonEssentialShopsPartial,2/1/2021,3/19/2021
Poland,OutdoorOver100,5/30/2020,7/16/2020
Poland,OutdoorOver50,3/14/2020,5/29/2020
Poland,OutdoorOver500,8/7/2020,10/10/2020
Poland,PlaceOfWorshipPartial,4/19/2020,5/30/2020
Poland,PlaceOfWorshipPartial,8/9/2020,NA
Poland,PrivateGatheringRestrictions,4/2/2020,5/29/2020
Poland,PrivateGatheringRestrictions,10/17/2020,NA
Poland,RestaurantsCafes,3/14/2020,5/17/2020
Poland,RestaurantsCafes,3/20/2021,NA
Poland,RestaurantsCafesPartial,5/18/2020,5/29/2020
Poland,RestaurantsCafesPartial,10/24/2020,3/19/2021
Poland,StayHomeGen,4/19/2020,5/4/2020
Poland,StayHomeOrder,3/24/2020,4/18/2020
Poland,StayHomeRiskG,3/8/2020,NA
Poland,Teleworking,3/8/2020,NA
Portugal,BanOnAllEvents,5/4/2020,11/11/2020
Portugal,ClosDaycare,3/16/2020,5/17/2020
Portugal,ClosDaycare,1/22/2021,3/14/2021
Portugal,ClosDaycarePartial,5/18/2020,5/31/2020
Portugal,ClosHigh,3/16/2020,5/17/2020
Portugal,ClosHigh,1/22/2021,NA
Portugal,ClosHighPartial,5/18/2020,9/7/2020
Portugal,ClosPrim,3/16/2020,9/14/2020
Portugal,ClosPrim,1/22/2021,3/14/2021
Portugal,ClosPubAny,3/13/2020,3/17/2020
Portugal,ClosPubAnyPartial,3/18/2020,NA
Portugal,ClosSec,3/16/2020,5/17/2020
Portugal,ClosSec,1/22/2021,NA
Portugal,ClosSecPartial,5/18/2020,9/14/2020
Portugal,ClosureOfPublicTransportPartial,3/18/2020,NA
Portugal,EntertainmentVenues,3/13/2020,5/17/2020
Portugal,EntertainmentVenues,1/15/2021,NA
Portugal,EntertainmentVenuesPartial,5/18/2020,6/1/2020
Portugal,EntertainmentVenuesPartial,11/24/2020,1/14/2021
Portugal,GymsSportsCentres,3/15/2020,5/3/2020
Portugal,GymsSportsCentres,1/15/2021,NA
Portugal,GymsSportsCentresPartial,5/4/2020,11/21/2020
Portugal,IndoorOver100,3/15/2020,5/3/2020
Portugal,MasksMandatoryAllSpaces,10/28/2020,NA
Portugal,MasksMandatoryClosedSpaces,5/4/2020,10/27/2020
Portugal,MasksVoluntaryAllSpaces,10/15/2020,10/27/2020
Portugal,MassGather50,5/4/2020,11/11/2020
Portugal,MassGatherAll,3/15/2020,11/11/2020
Portugal,NonEssentialShops,3/15/2020,5/3/2020
Portugal,NonEssentialShops,1/15/2021,NA
Portugal,NonEssentialShopsPartial,5/4/2020,11/23/2020
Portugal,OutdoorOver100,3/15/2020,5/3/2020
Portugal,PlaceOfWorship,3/13/2020,5/30/2020
Portugal,PrivateGatheringRestrictions,5/3/2020,NA
Portugal,RegionalStayHomeOrder,4/2/2020,5/3/2020
Portugal,RestaurantsCafes,3/15/2020,5/17/2020
Portugal,RestaurantsCafes,11/24/2020,NA
Portugal,RestaurantsCafesPartial,5/18/2020,11/23/2020
Portugal,StayHomeGen,3/19/2020,5/2/2020
Portugal,StayHomeOrder,1/15/2021,NA
Portugal,StayHomeRiskG,3/18/2020,5/2/2020
Portugal,Teleworking,3/16/2020,5/31/2020
Portugal,Teleworking,1/15/2021,NA
Portugal,TeleworkingPartial,6/1/2020,10/22/2020
Romania,AdaptationOfWorkplace,3/16/2020,NA
Romania,ClosDaycare,3/16/2020,6/14/2020
Romania,ClosDaycarePartial,6/15/2020,9/14/2020
Romania,ClosHigh,3/16/2020,6/14/2020
Romania,ClosHighPartial,8/31/2020,NA
Romania,ClosPrim,3/16/2020,6/14/2020
Romania,ClosPrim,11/9/2020,12/23/2020
Romania,ClosPrim,1/11/2021,2/7/2021
Romania,ClosPrimPartial,6/15/2020,9/14/2020
Romania,ClosPubAny,3/18/2020,5/13/2020
Romania,ClosPubAnyPartial,5/14/2020,NA
Romania,ClosSec,3/16/2020,6/1/2020
Romania,ClosSec,11/9/2020,12/23/2020
Romania,ClosSec,1/11/2021,2/7/2021
Romania,ClosSecPartial,6/2/2020,9/14/2020
Romania,ClosSecPartial,2/8/2021,NA
Romania,EntertainmentVenues,3/18/2020,5/13/2020
Romania,EntertainmentVenuesPartial,5/14/2020,NA
Romania,GymsSportsCentres,3/18/2020,5/30/2020
Romania,GymsSportsCentresPartial,5/31/2020,6/14/2020
Romania,HotelsOtherAccommodation,3/18/2020,5/15/2020
Romania,HotelsOtherAccommodationPartial,11/14/2020,NA
Romania,IndoorOver50,9/1/2020,NA
Romania,MasksMandatoryAllSpaces,8/1/2020,NA
Romania,MasksMandatoryClosedSpaces,5/15/2020,7/31/2020
Romania,MassGather50,9/1/2020,NA
Romania,MassGatherAll,3/18/2020,10/18/2020
Romania,MassGatherAllPartial,10/19/2020,NA
Romania,NonEssentialShops,3/22/2020,5/13/2020
Romania,NonEssentialShopsPartial,5/14/2020,6/14/2020
Romania,NonEssentialShopsPartial,11/5/2020,NA
Romania,OutdoorOver100,9/1/2020,NA
Romania,OutdoorOver500,3/18/2020,8/31/2020
Romania,PlaceOfWorship,3/18/2020,5/14/2020
Romania,PlaceOfWorshipPartial,5/15/2020,NA
Romania,PrivateGatheringRestrictions,3/22/2020,NA
Romania,RestaurantsCafes,3/18/2020,5/31/2020
Romania,RestaurantsCafesPartial,6/1/2020,NA
Romania,StayHomeOrderPartial,3/22/2020,5/13/2020
Romania,StayHomeOrderPartial,11/14/2020,NA
Romania,StayHomeRiskG,3/25/2020,5/14/2020
Romania,Teleworking,3/16/2020,NA
Slovakia,BanOnAllEvents,3/10/2020,6/3/2020
Slovakia,BanOnAllEventsPartial,11/2/2020,11/14/2020
Slovakia,BanOnAllEventsPartial,12/30/2020,NA
Slovakia,ClosDaycare,3/16/2020,5/31/2020
Slovakia,ClosDaycarePartial,6/1/2020,6/30/2020
Slovakia,ClosHigh,3/16/2020,6/9/2020
Slovakia,ClosHighPartial,6/10/2020,NA
Slovakia,ClosPrim,3/30/2020,5/31/2020
Slovakia,ClosPrimPartial,6/1/2020,6/30/2020
Slovakia,ClosPrimPartial,10/12/2020,NA
Slovakia,ClosPubAnyPartial,3/12/2020,5/20/2020
Slovakia,ClosPubAnyPartial,10/1/2020,NA
Slovakia,ClosSec,3/16/2020,5/31/2020
Slovakia,ClosSec,10/12/2020,11/15/2020
Slovakia,ClosSecPartial,6/1/2020,6/30/2020
Slovakia,ClosSecPartial,11/16/2020,NA
Slovakia,EntertainmentVenues,3/16/2020,5/20/2020
Slovakia,EntertainmentVenues,10/15/2020,11/15/2020
Slovakia,EntertainmentVenues,12/19/2020,NA
Slovakia,EntertainmentVenuesPartial,11/16/2020,12/18/2020
Slovakia,GymsSportsCentres,3/16/2020,5/20/2020
Slovakia,GymsSportsCentres,10/15/2020,11/15/2020
Slovakia,GymsSportsCentres,12/19/2020,NA
Slovakia,GymsSportsCentresPartial,11/16/2020,12/18/2020
Slovakia,HotelsOtherAccommodation,1/1/2021,1/10/2021
Slovakia,HotelsOtherAccommodationPartial,3/12/2020,5/20/2020
Slovakia,HotelsOtherAccommodationPartial,12/14/2020,12/31/2020
Slovakia,HotelsOtherAccommodationPartial,1/11/2021,NA
Slovakia,IndoorOver100,6/4/2020,6/14/2020
Slovakia,IndoorOver1000,6/15/2020,8/31/2020
Slovakia,IndoorOver500,9/1/2020,9/30/2020
Slovakia,MasksMandatoryAllSpaces,3/25/2020,6/9/2020
Slovakia,MasksMandatoryAllSpaces,10/1/2020,NA
Slovakia,MasksMandatoryClosedSpaces,6/10/2020,9/30/2020
Slovakia,MassGather50,3/10/2020,6/3/2020
Slovakia,MassGather50Partial,11/2/2020,11/14/2020
Slovakia,MassGather50Partial,12/30/2020,NA
Slovakia,MassGatherAll,3/10/2020,9/30/2020
Slovakia,MassGatherAllPartial,11/2/2020,11/14/2020
Slovakia,MassGatherAllPartial,12/30/2020,NA
Slovakia,NonEssentialShops,3/16/2020,4/21/2020
Slovakia,NonEssentialShopsPartial,4/22/2020,5/20/2020
Slovakia,NonEssentialShopsPartial,10/1/2020,NA
Slovakia,OutdoorOver100,6/4/2020,6/14/2020
Slovakia,OutdoorOver1000,6/15/2020,9/30/2020
Slovakia,PlaceOfWorshipPartial,1/1/2021,NA
Slovakia,PrivateGatheringRestrictions,10/1/2020,NA
Slovakia,RestaurantsCafes,1/1/2021,NA
Slovakia,RestaurantsCafesPartial,3/12/2020,5/20/2020
Slovakia,RestaurantsCafesPartial,10/1/2020,12/31/2020
Slovakia,StayHomeOrderPartial,11/2/2020,11/14/2020
Slovakia,StayHomeOrderPartial,12/30/2020,NA
Slovakia,Teleworking,11/2/2020,NA
Slovenia,BanOnAllEvents,10/17/2020,2/14/2021
Slovenia,ClosDaycare,3/12/2020,5/17/2020
Slovenia,ClosDaycare,10/24/2020,1/25/2021
Slovenia,ClosHigh,3/12/2020,5/17/2020
Slovenia,ClosHigh,10/24/2020,1/25/2021
Slovenia,ClosPrim,3/12/2020,6/3/2020
Slovenia,ClosPrim,10/24/2020,1/25/2021
Slovenia,ClosPrimPartial,2/2/2021,2/14/2021
Slovenia,ClosPubAny,3/14/2020,4/28/2020
Slovenia,ClosPubAnyPartial,4/29/2020,NA
Slovenia,ClosSec,3/12/2020,5/17/2020
Slovenia,ClosSec,10/19/2020,2/14/2021
Slovenia,ClosSecPartial,5/18/2020,6/24/2020
Slovenia,ClosSecPartial,2/15/2021,3/7/2021
Slovenia,ClosureOfPublicTransport,3/14/2020,4/30/2020
Slovenia,ClosureOfPublicTransport,11/16/2020,12/15/2020
Slovenia,EntertainmentVenues,3/15/2020,4/28/2020
Slovenia,EntertainmentVenuesPartial,4/29/2020,NA
Slovenia,GymsSportsCentres,3/15/2020,5/17/2020
Slovenia,GymsSportsCentresPartial,5/18/2020,6/1/2020
Slovenia,IndoorOver100,3/10/2020,5/31/2020
Slovenia,IndoorOver50,6/15/2020,7/8/2020
Slovenia,IndoorOver500,3/7/2020,3/9/2020
Slovenia,MasksMandatoryAllSpaces,3/30/2020,6/1/2020
Slovenia,MasksMandatoryAllSpacesPartial,9/19/2020,NA
Slovenia,MasksMandatoryClosedSpaces,6/25/2020,NA
Slovenia,MassGather50,5/18/2020,5/31/2020
Slovenia,MassGather50,6/15/2020,7/8/2020
Slovenia,MassGather50,10/17/2020,2/14/2021
Slovenia,MassGatherAll,3/7/2020,7/8/2020
Slovenia,MassGatherAll,10/17/2020,2/14/2021
Slovenia,NonEssentialShops,3/15/2020,4/20/2020
Slovenia,NonEssentialShops,10/24/2020,12/14/2020
Slovenia,NonEssentialShopsPartial,12/15/2020,NA
Slovenia,OutdoorOver50,5/18/2020,5/31/2020
Slovenia,OutdoorOver500,3/10/2020,3/18/2020
Slovenia,OutdoorOver500,6/1/2020,6/14/2020
Slovenia,PrivateGatheringRestrictions,3/19/2020,5/17/2020
Slovenia,PrivateGatheringRestrictions,10/20/2020,NA
Slovenia,RestaurantsCafes,3/15/2020,5/3/2020
Slovenia,RestaurantsCafesPartial,5/4/2020,5/18/2020
Slovenia,StayHomeOrder,3/19/2020,5/4/2020
Slovenia,StayHomeOrderPartial,10/20/2020,NA
Slovenia,Teleworking,3/4/2020,NA
Slovenia,WorkplaceClosures,3/15/2020,5/4/2020
Spain,AdaptationOfWorkplace,4/11/2020,NA
Spain,BanOnAllEvents,3/14/2020,6/1/2020
Spain,BanOnAllEvents,10/25/2020,NA
Spain,BanOnAllEventsPartial,10/1/2020,10/24/2020
Spain,ClosDaycare,3/12/2020,8/27/2020
Spain,ClosHigh,3/12/2020,8/27/2020
Spain,ClosPrim,3/12/2020,8/27/2020
Spain,ClosPubAny,3/14/2020,5/3/2020
Spain,ClosPubAny,10/1/2020,10/24/2020
Spain,ClosPubAnyPartial,5/4/2020,9/30/2020
Spain,ClosPubAnyPartial,10/25/2020,NA
Spain,ClosSec,3/12/2020,8/27/2020
Spain,EntertainmentVenues,3/14/2020,5/10/2020
Spain,EntertainmentVenues,8/14/2020,NA
Spain,EntertainmentVenuesPartial,5/11/2020,6/20/2020
Spain,GymsSportsCentres,3/14/2020,6/20/2020
Spain,HotelsOtherAccommodation,3/14/2020,5/31/2020
Spain,HotelsOtherAccommodationPartial,6/1/2020,6/20/2020
Spain,IndoorOver100,6/2/2020,6/21/2020
Spain,MasksMandatoryAllSpaces,8/4/2020,NA
Spain,MasksMandatoryAllSpacesPartial,5/21/2020,8/3/2020
Spain,MasksMandatoryClosedSpaces,5/4/2020,5/21/2020
Spain,MasksVoluntaryClosedSpaces,3/13/2020,5/3/2020
Spain,MassGather50,3/14/2020,6/1/2020
Spain,MassGather50,10/25/2020,NA
Spain,MassGather50Partial,10/1/2020,10/24/2020
Spain,MassGatherAll,3/14/2020,6/21/2020
Spain,MassGatherAll,10/25/2020,NA
Spain,MassGatherAllPartial,10/1/2020,10/24/2020
Spain,OutdoorOver1000,6/2/2020,6/21/2020
Spain,PlaceOfWorshipPartial,10/25/2020,NA
Spain,PrivateGatheringRestrictions,10/25/2020,NA
Spain,RestaurantsCafes,3/14/2020,5/3/2020
Spain,RestaurantsCafesPartial,5/4/2020,9/30/2020
Spain,SocialCircle,8/27/2020,NA
Spain,StayHomeGen,3/9/2020,3/13/2020
Spain,StayHomeOrder,3/14/2020,5/3/2020
Spain,StayHomeOrderPartial,5/4/2020,5/11/2020
Spain,StayHomeOrderPartial,10/25/2020,NA
Spain,StayHomeRiskG,3/12/2020,NA
Spain,Teleworking,3/9/2020,4/12/2020
Spain,TeleworkingPartial,4/13/2020,NA
Sweden,AdaptationOfWorkplace,7/8/2020,NA
Sweden,AdaptationOfWorkplacePartial,3/25/2020,7/7/2020
Sweden,BanOnAllEvents,6/14/2020,NA
Sweden,ClosHigh,3/18/2020,6/15/2020
Sweden,ClosPubAnyPartial,7/1/2020,NA
Sweden,ClosSec,3/18/2020,6/15/2020
Sweden,ClosSec,12/7/2020,NA
Sweden,ClosSecPartial,11/23/2020,12/6/2020
Sweden,IndoorOver50,3/28/2020,6/13/2020
Sweden,IndoorOver500,3/12/2020,3/27/2020
Sweden,MasksVoluntaryClosedSpacesPartial,1/7/2021,NA
Sweden,MassGather50,3/28/2020,NA
Sweden,MassGatherAll,3/12/2020,NA
Sweden,OutdoorOver50,3/29/2020,6/13/2020
Sweden,PrivateGatheringRestrictions,11/30/2020,NA
Sweden,RestaurantsCafesPartial,7/1/2020,NA
Sweden,StayHomeRiskG,4/1/2020,10/22/2020
Sweden,Teleworking,3/16/2020,NA
Switzerland,AdaptationOfWorkplace,1/18/2021,NA
Switzerland,BanOnAllEvents,3/20/2020,6/5/2020
Switzerland,BanOnAllEvents,1/18/2021,NA
Switzerland,ClosHigh,3/16/2020,5/11/2020
Switzerland,ClosHigh,11/2/2020,NA
Switzerland,ClosPrim,3/16/2020,5/11/2020
Switzerland,ClosPubAny,3/16/2020,5/10/2020
Switzerland,ClosPubAny,1/18/2021,2/28/2021
Switzerland,ClosPubAnyPartial,5/11/2020,6/6/2020
Switzerland,ClosPubAnyPartial,10/29/2020,1/17/2021
Switzerland,ClosPubAnyPartial,3/1/2021,NA
Switzerland,ClosSec,3/16/2020,5/11/2020
Switzerland,EntertainmentVenues,12/22/2020,2/28/2021
Switzerland,EntertainmentVenuesPartial,10/29/2020,12/21/2020
Switzerland,EntertainmentVenuesPartial,3/1/2021,NA
Switzerland,GymsSportsCentres,3/16/2020,5/10/2020
Switzerland,GymsSportsCentres,12/22/2020,NA
Switzerland,GymsSportsCentresPartial,5/11/2020,6/6/2020
Switzerland,IndoorOver100,3/13/2020,3/19/2020
Switzerland,IndoorOver100,6/6/2020,6/22/2020
Switzerland,IndoorOver1000,3/2/2020,3/12/2020
Switzerland,IndoorOver1000,6/23/2020,10/1/2020
Switzerland,IndoorOver50,10/29/2020,1/17/2021
Switzerland,MasksMandatoryAllSpaces,7/6/2020,NA
Switzerland,MasksVoluntaryClosedSpaces,3/16/2020,7/5/2020
Switzerland,MassGather50,3/20/2020,6/5/2020
Switzerland,MassGather50,10/29/2020,NA
Switzerland,MassGatherAll,2/28/2020,10/1/2020
Switzerland,MassGatherAll,10/29/2020,NA
Switzerland,NonEssentialShops,3/20/2020,5/11/2020
Switzerland,NonEssentialShops,1/18/2021,3/1/2021
Switzerland,NonEssentialShopsPartial,12/11/2020,1/17/2021
Switzerland,OutdoorOver100,3/13/2020,3/19/2020
Switzerland,OutdoorOver100,6/6/2020,6/22/2020
Switzerland,OutdoorOver1000,2/28/2020,3/12/2020
Switzerland,OutdoorOver1000,7/7/2020,10/1/2020
Switzerland,OutdoorOver500,6/23/2020,7/6/2020
Switzerland,PrivateGatheringRestrictions,3/20/2020,6/5/2020
Switzerland,PrivateGatheringRestrictions,10/19/2020,NA
Switzerland,RestaurantsCafes,3/16/2020,6/6/2020
Switzerland,RestaurantsCafes,12/22/2020,NA
Switzerland,RestaurantsCafesPartial,10/29/2020,12/21/2020
Switzerland,StayHomeGen,12/22/2020,1/22/2021
Switzerland,StayHomeRiskG,3/16/2020,NA
Switzerland,Teleworking,3/16/2020,1/17/2021
Switzerland,TeleworkingPartial,1/18/2021,NA
United Kingdom,BanOnAllEvents,9/14/2020,12/1/2020
United Kingdom,ClosDaycare,3/23/2020,5/31/2020
United Kingdom,ClosDaycarePartial,6/1/2020,9/1/2020
United Kingdom,ClosPrim,3/23/2020,5/31/2020
United Kingdom,ClosPrimPartial,6/1/2020,9/1/2020
United Kingdom,ClosPubAny,3/16/2020,5/9/2020
United Kingdom,ClosPubAnyPartial,5/10/2020,8/7/2020
United Kingdom,ClosPubAnyPartial,9/24/2020,12/1/2020
United Kingdom,ClosSec,3/23/2020,6/14/2020
United Kingdom,ClosSecPartial,6/15/2020,9/1/2020
United Kingdom,EntertainmentVenues,3/16/2020,7/2/2020
United Kingdom,EntertainmentVenues,11/5/2020,12/1/2020
United Kingdom,EntertainmentVenuesPartial,7/3/2020,8/7/2020
United Kingdom,GymsSportsCentres,3/20/2020,5/12/2020
United Kingdom,GymsSportsCentres,11/5/2020,12/1/2020
United Kingdom,GymsSportsCentresPartial,5/13/2020,7/9/2020
United Kingdom,HotelsOtherAccommodation,3/24/2020,7/2/2020
United Kingdom,HotelsOtherAccommodationPartial,11/5/2020,12/1/2020
United Kingdom,IndoorOver50,7/4/2020,9/13/2020
United Kingdom,MasksMandatoryClosedSpaces,7/27/2020,NA
United Kingdom,MasksVoluntaryClosedSpaces,6/9/2020,7/26/2020
United Kingdom,MassGather50,5/28/2020,12/1/2020
United Kingdom,MassGatherAll,5/28/2020,12/1/2020
United Kingdom,NonEssentialShops,3/23/2020,5/9/2020
United Kingdom,NonEssentialShops,11/5/2020,12/1/2020
United Kingdom,NonEssentialShopsPartial,5/10/2020,6/12/2020
United Kingdom,OutdoorOver50,5/28/2020,9/13/2020
United Kingdom,PlaceOfWorship,3/24/2020,5/18/2020
United Kingdom,PrivateGatheringRestrictions,3/24/2020,7/3/2020
United Kingdom,PrivateGatheringRestrictions,9/9/2020,12/1/2020
United Kingdom,RegionalStayHomeOrder,10/23/2020,11/8/2020
United Kingdom,RegionalStayHomeOrder,12/20/2020,NA
United Kingdom,RestaurantsCafes,3/16/2020,7/2/2020
United Kingdom,RestaurantsCafes,11/5/2020,12/1/2020
United Kingdom,RestaurantsCafesPartial,9/24/2020,11/4/2020
United Kingdom,SocialCircle,9/9/2020,12/1/2020
United Kingdom,StayHomeGen,3/16/2020,3/23/2020
United Kingdom,StayHomeOrder,3/24/2020,5/9/2020
United Kingdom,StayHomeOrder,11/5/2020,12/1/2020
United Kingdom,StayHomeOrderPartial,5/10/2020,7/4/2020
United Kingdom,StayHomeRiskG,3/16/2020,7/5/2020
United Kingdom,StayHomeRiskG,11/5/2020,12/1/2020
United Kingdom,StayHomeRiskGPartial,7/6/2020,8/1/2020
United Kingdom,Teleworking,3/16/2020,5/9/2020
